oneid,choice,profit,size,whichgroup,round,rematching,time,actual_size
6884,4,15,3,0,2,not,2020-10-29 19:35:18,3
6884,4,18,3,0,3,not,2020-10-29 19:37:26,3
6884,6,14.5,3,0,4,not,2020-10-29 19:39:22,3
6884,6,14.5,3,0,5,not,2020-10-29 19:41:29,3
6884,5,17.5,3,0,6,not,2020-10-29 19:43:14,3
6884,5,17.5,3,0,7,not,2020-10-29 19:45:33,3
6884,6,12,3,0,8,not,2020-10-29 19:47:15,3
6884,6,15,3,0,9,not,2020-10-29 19:49:25,3
6884,7,15,3,0,10,not,2020-10-29 19:51:16,3
6884,7,15.5,3,0,11,not,2020-10-29 19:53:17,3
6884,7,14,3,0,12,not,2020-10-29 19:55:25,3
6884,7,14.5,3,0,13,not,2020-10-29 19:57:37,3
6884,7,14.5,3,0,14,not,2020-10-29 19:59:27,3
6884,7,15,3,0,15,not,2020-10-29 20:01:28,3
6884,8,16,3,0,16,not,2020-10-29 20:03:20,3
6884,8,14.5,3,0,17,not,2020-10-29 20:05:16,3
6884,8,14,3,0,18,not,2020-10-29 20:07:23,3
6884,7,16.5,3,0,19,not,2020-10-29 20:09:13,3
6884,8,13.5,3,0,20,not,2020-10-29 20:11:13,3
7434,6,13.5,3,6,2,assortatively,2020-10-29 19:35:49,3
7434,8,14,3,3,3,assortatively,2020-10-29 19:37:47,3
7434,7,13.5,3,6,4,assortatively,2020-10-29 19:39:28,3
7434,8,12.75,3,4,5,assortatively,2020-10-29 19:41:36,3
7434,8,14.5,3,5,6,assortatively,2020-10-29 19:43:50,3
7434,8,14.5,3,5,7,assortatively,2020-10-29 19:46:03,3
7434,8,13.5,3,5,8,assortatively,2020-10-29 19:47:32,3
7434,8,12.5,3,4,9,assortatively,2020-10-29 19:50:47,3
7434,7,13,3,5,10,assortatively,2020-10-29 19:51:25,3
7434,5,15,3,3,11,assortatively,2020-10-29 19:53:25,3
7434,6,11,3,1,12,assortatively,2020-10-29 19:55:33,3
7434,7,12.5,3,3,13,assortatively,2020-10-29 19:57:24,3
7434,6,13,3,3,14,assortatively,2020-10-29 19:59:16,3
7434,5,14,3,4,15,assortatively,2020-10-29 20:01:44,3
7434,6,12,3,1,16,assortatively,2020-10-29 20:03:30,3
7434,7,12.5,3,2,17,assortatively,2020-10-29 20:05:36,3
7434,4,12,3,4,18,assortatively,2020-10-29 20:07:47,3
7434,5,11,3,1,19,assortatively,2020-10-29 20:09:25,3
7434,5,11.5,3,2,20,assortatively,2020-10-29 20:11:21,3
9657,9,10,3,0,2,not,2020-10-29 19:35:37,3
9657,10,12,3,0,3,not,2020-10-29 19:37:24,3
9657,10,10.5,3,0,4,not,2020-10-29 19:39:29,3
9657,10,10.5,3,0,5,not,2020-10-29 19:41:56,3
9657,10,12.5,3,0,6,not,2020-10-29 19:43:48,3
9657,10,12.5,3,0,7,not,2020-10-29 19:45:24,3
9657,5,13,3,0,8,not,2020-10-29 19:47:24,3
9657,6,15,3,0,9,not,2020-10-29 19:49:27,3
9657,7,15,3,0,10,not,2020-10-29 19:51:26,3
9657,8,14.5,3,0,11,not,2020-10-29 19:53:50,3
9657,9,12,3,0,12,not,2020-10-29 19:55:18,3
9657,10,11.5,3,0,13,not,2020-10-29 19:58:08,3
9657,10,11.5,3,0,14,not,2020-10-29 19:59:18,3
9657,10,12,3,0,15,not,2020-10-29 20:01:21,3
9657,10,14,3,0,16,not,2020-10-29 20:03:18,3
9657,10,12.5,3,0,17,not,2020-10-29 20:05:30,3
9657,10,12,3,0,18,not,2020-10-29 20:07:10,3
9657,10,13.5,3,0,19,not,2020-10-29 20:09:16,3
9657,10,11.5,3,0,20,not,2020-10-29 20:11:09,3
9843,5,14,3,0,2,not,2020-10-29 19:35:53,3
9843,10,12,3,0,3,not,2020-10-29 19:37:18,3
9843,5,15.5,3,0,4,not,2020-10-29 19:39:17,3
9843,5,15.5,3,0,5,not,2020-10-29 19:41:24,3
9843,10,12.5,3,0,6,not,2020-10-29 19:43:13,3
9843,10,12.5,3,0,7,not,2020-10-29 19:45:20,3
9843,5,13,3,0,8,not,2020-10-29 19:47:17,3
9843,10,11,3,0,9,not,2020-10-29 19:49:17,3
9843,10,12,3,0,10,not,2020-10-29 19:51:12,3
9843,10,12.5,3,0,11,not,2020-10-29 19:53:22,3
9843,6,15,3,0,12,not,2020-10-29 19:55:12,3
9843,6,15.5,3,0,13,not,2020-10-29 19:57:18,3
9843,6,15.5,3,0,14,not,2020-10-29 19:59:15,3
9843,7,15,3,0,15,not,2020-10-29 20:01:14,3
9843,10,14,3,0,16,not,2020-10-29 20:03:12,3
9843,7,15.5,3,0,17,not,2020-10-29 20:05:23,3
9843,6,16,3,0,18,not,2020-10-29 20:07:14,3
9843,10,13.5,3,0,19,not,2020-10-29 20:09:19,3
9843,5,16.5,3,0,20,not,2020-10-29 20:11:18,3
11332,10,10,3,1,2,not,2020-10-29 19:36:45,3
11332,10,6.5,3,1,3,not,2020-10-29 19:38:02,3
11332,10,8,3,1,4,not,2020-10-29 19:39:52,3
11332,10,8,3,1,5,not,2020-10-29 19:41:38,3
11332,10,9.5,3,1,6,not,2020-10-29 19:43:37,3
11332,10,8.5,3,1,7,not,2020-10-29 19:45:32,3
11332,10,9,3,1,8,not,2020-10-29 19:47:20,3
13048,7,15,3,7,2,assortatively,2020-10-29 19:35:26,3
13048,5,14,3,4,3,assortatively,2020-10-29 19:37:14,3
13048,3,14,3,1,4,assortatively,2020-10-29 19:39:53,3
13048,4,NA,NA,0,5,assortatively,2020-10-29 19:41:59,3
13869,8,11.75,2,2,2,assortatively,2020-10-29 19:35:56,2
13869,5,14.5,3,6,3,assortatively,2020-10-29 19:37:11,3
13869,6,14.5,3,2,4,assortatively,2020-10-29 19:39:14,3
13869,6,13.5,3,3,5,assortatively,2020-10-29 19:41:09,3
13869,7,12.75,3,3,6,assortatively,2020-10-29 19:43:10,3
13869,7,12.5,3,4,7,assortatively,2020-10-29 19:45:10,3
13869,5,13.5,3,3,8,assortatively,2020-10-29 19:47:08,3
13869,8,11,3,1,9,assortatively,2020-10-29 19:49:23,3
13869,7,13,3,5,10,assortatively,2020-10-29 19:51:10,3
13869,7,13,3,4,11,assortatively,2020-10-29 19:53:16,3
13869,8,14,3,5,12,assortatively,2020-10-29 19:55:21,3
13869,6,11.5,3,5,13,assortatively,2020-10-29 19:57:23,3
13869,5,14,3,3,14,assortatively,2020-10-29 19:59:14,3
13869,7,11,3,1,15,assortatively,2020-10-29 20:01:26,3
13869,5,14.5,3,4,16,assortatively,2020-10-29 20:03:28,3
13869,7,12.5,3,1,17,assortatively,2020-10-29 20:05:10,3
13869,1,15,3,4,18,assortatively,2020-10-29 20:07:22,3
13869,1,12.5,3,0,19,assortatively,2020-10-29 20:09:16,3
13869,9,7,3,0,20,assortatively,2020-10-29 20:11:13,3
14273,8,12,3,1,2,not,2020-10-29 19:35:17,3
14273,2,14.5,3,1,3,not,2020-10-29 19:37:24,3
14273,1,17,3,1,4,not,2020-10-29 19:39:16,3
14273,1,17,3,1,5,not,2020-10-29 19:41:17,3
14273,1,18.5,3,1,6,not,2020-10-29 19:43:18,3
14273,1,17.5,3,1,7,not,2020-10-29 19:45:22,3
14273,1,18,3,1,8,not,2020-10-29 19:47:14,3
14273,1,14.25,2,1,9,not,2020-10-29 19:49:16,2
14273,1,15,2,1,10,not,2020-10-29 19:51:14,2
14273,1,17.25,2,1,11,not,2020-10-29 19:53:14,2
14273,1,12.75,2,1,12,not,2020-10-29 19:55:15,2
14273,1,14.25,2,1,13,not,2020-10-29 19:57:14,2
14273,1,12.75,2,1,14,not,2020-10-29 19:59:13,2
14273,1,10.5,2,1,15,not,2020-10-29 20:01:26,2
14273,1,11.25,2,1,16,not,2020-10-29 20:03:19,2
14273,1,12,2,1,17,not,2020-10-29 20:05:13,2
14273,1,16.5,2,1,18,not,2020-10-29 20:07:18,2
14273,1,10.5,2,1,19,not,2020-10-29 20:09:24,2
14273,1,17.25,2,1,20,not,2020-10-29 20:11:21,2
17260,8,12,3,3,2,assortatively,2020-10-29 19:35:21,3
17260,7,14.5,3,5,3,assortatively,2020-10-29 19:37:29,3
17260,9,11.5,3,4,4,assortatively,2020-10-29 19:39:44,3
17260,8,15.5,3,6,5,assortatively,2020-10-29 19:41:36,3
17260,9,13.5,3,5,6,assortatively,2020-10-29 19:43:22,3
17260,9,13.5,3,5,7,assortatively,2020-10-29 19:45:35,3
17260,8,15.5,2,6,8,assortatively,2020-10-29 19:47:17,2
17260,8,12.5,3,4,9,assortatively,2020-10-29 19:49:28,3
17260,8,13.5,3,4,10,assortatively,2020-10-29 19:51:26,3
17260,7,12.5,3,5,11,assortatively,2020-10-29 19:53:24,3
17260,8,14,3,5,12,assortatively,2020-10-29 19:55:28,3
17260,8,13,3,4,13,assortatively,2020-10-29 19:57:25,3
17260,7,12,3,5,14,assortatively,2020-10-29 19:59:28,3
17260,8,12,3,5,15,assortatively,2020-10-29 20:01:13,3
17260,8,13,3,5,16,assortatively,2020-10-29 20:03:13,3
17260,0,17.5,3,5,17,assortatively,2020-10-29 20:05:40,3
17260,8,10,3,0,18,assortatively,2020-10-29 20:07:34,3
17260,7,13.5,3,5,19,assortatively,2020-10-29 20:09:22,3
17260,8,13.5,3,4,20,assortatively,2020-10-29 20:11:15,3
18194,8,13.5,3,5,2,assortatively,2020-10-29 19:35:15,3
18194,7,12.5,3,6,3,assortatively,2020-10-29 19:37:20,3
18194,10,12.5,3,3,4,assortatively,2020-10-29 19:39:31,3
18194,9,14.5,3,6,5,assortatively,2020-10-29 19:41:24,3
18194,9,14.5,3,6,6,assortatively,2020-10-29 19:43:24,3
18194,7,16,3,6,7,assortatively,2020-10-29 19:45:15,3
18194,8,13,3,4,8,assortatively,2020-10-29 19:47:15,3
18194,9,13,3,5,9,assortatively,2020-10-29 19:49:17,3
18194,6,14,3,5,10,assortatively,2020-10-29 19:51:29,3
18194,9,11,3,3,11,assortatively,2020-10-29 19:53:27,3
18194,8,15.5,2,6,12,assortatively,2020-10-29 19:55:28,2
18194,1,16.5,3,5,13,assortatively,2020-10-29 19:57:14,3
18194,8,10.5,3,0,14,assortatively,2020-10-29 19:59:11,3
18194,8,12,3,5,15,assortatively,2020-10-29 20:01:21,3
18194,8,13,3,5,16,assortatively,2020-10-29 20:03:55,3
18194,7,10.5,3,5,17,assortatively,2020-10-29 20:05:21,3
18194,7,9,3,4,18,assortatively,2020-10-29 20:07:21,3
18194,7,13.5,3,4,19,assortatively,2020-10-29 20:09:15,3
18194,8,13.5,3,4,20,assortatively,2020-10-29 20:11:16,3
18779,4,16.5,3,4,2,randomly,2020-10-29 19:35:32,3
18779,7,10.5,3,1,3,randomly,2020-10-29 19:38:25,3
18779,2,15,3,1,4,randomly,2020-10-29 19:39:20,3
18779,6,11,3,4,5,randomly,2020-10-29 19:41:25,3
18779,2,13,3,4,6,randomly,2020-10-29 19:43:15,3
18779,1,14,3,3,7,randomly,2020-10-29 19:45:31,3
18779,8,12.5,3,3,8,randomly,2020-10-29 19:47:29,3
18779,6,16,3,4,9,randomly,2020-10-29 19:49:12,3
18779,6,12,3,1,10,randomly,2020-10-29 19:51:51,3
18779,6,12.625,4,0,11,randomly,2020-10-29 19:53:47,4
18779,5,13.5,3,4,12,randomly,2020-10-29 19:55:22,3
18779,4,10.75,3,2,13,randomly,2020-10-29 19:57:33,3
18779,3,14.5,3,2,14,randomly,2020-10-29 19:59:20,3
18779,9,6.5,3,1,15,randomly,2020-10-29 20:01:17,3
18779,6,10.5,3,3,16,randomly,2020-10-29 20:03:19,3
18779,2,16,3,3,17,randomly,2020-10-29 20:05:22,3
18779,6,9,3,1,18,randomly,2020-10-29 20:07:15,3
18779,6,12,3,1,19,randomly,2020-10-29 20:09:57,3
18779,7,11,3,0,20,randomly,2020-10-29 20:11:21,3
20114,2,18,3,1,2,not,2020-10-29 19:35:29,3
20114,1,15.5,3,1,3,not,2020-10-29 19:37:45,3
20114,5,13,3,1,4,not,2020-10-29 19:39:23,3
20114,5,13,3,1,5,not,2020-10-29 19:41:19,3
20114,8,11.5,3,1,6,not,2020-10-29 19:43:18,3
20114,6,12.5,3,1,7,not,2020-10-29 19:45:26,3
20114,7,12,3,1,8,not,2020-10-29 19:47:16,3
20114,6,9.25,2,1,9,not,2020-10-29 19:49:32,2
20114,7,9,2,1,10,not,2020-10-29 19:51:27,2
20114,10,8.25,2,1,11,not,2020-10-29 19:53:19,2
20114,4,9.75,2,1,12,not,2020-10-29 19:55:37,2
20114,6,9.25,2,1,13,not,2020-10-29 19:57:21,2
20114,4,9.75,2,1,14,not,2020-10-29 19:59:29,2
20114,1,10.5,2,1,15,not,2020-10-29 20:01:12,2
20114,2,10.25,2,1,16,not,2020-10-29 20:03:24,2
20114,3,10,2,1,17,not,2020-10-29 20:05:21,2
20114,9,8.5,2,1,18,not,2020-10-29 20:07:33,2
20114,1,10.5,2,1,19,not,2020-10-29 20:09:42,2
20114,10,8.25,2,1,20,not,2020-10-29 20:11:15,2
20222,7,8.5,3,1,2,assortatively,2020-10-29 19:35:25,3
20222,10,12,3,3,3,assortatively,2020-10-29 19:37:34,3
20222,10,14.25,2,7,4,assortatively,2020-10-29 19:39:20,2
20222,10,15,2,7,5,assortatively,2020-10-29 19:41:27,2
20222,10,13.5,3,6,6,assortatively,2020-10-29 19:43:23,3
20222,10,13,3,6,7,assortatively,2020-10-29 19:45:33,3
20222,10,13.5,2,6,8,assortatively,2020-10-29 19:47:40,2
20222,10,11.25,2,6,9,assortatively,2020-10-29 19:49:19,2
20222,10,11.25,2,6,10,assortatively,2020-10-29 19:51:28,2
20222,10,12.75,2,6,11,assortatively,2020-10-29 19:53:13,2
20222,10,13.5,2,6,12,assortatively,2020-10-29 19:55:28,2
20222,10,14.25,2,6,13,assortatively,2020-10-29 19:57:17,2
20222,10,10.5,2,6,14,assortatively,2020-10-29 19:59:14,2
20222,10,13.5,2,6,15,assortatively,2020-10-29 20:01:16,2
20222,10,13.5,2,6,16,assortatively,2020-10-29 20:03:18,2
20222,10,15,2,6,17,assortatively,2020-10-29 20:05:55,2
20222,10,11.25,2,6,18,assortatively,2020-10-29 20:07:18,2
20222,10,13.5,2,6,19,assortatively,2020-10-29 20:09:18,2
20222,10,15,2,6,20,assortatively,2020-10-29 20:11:10,2
20320,5,14.75,2,2,2,assortatively,2020-10-29 19:35:54,2
20320,5,14.5,3,2,3,assortatively,2020-10-29 19:38:21,3
20320,5,15.5,3,2,4,assortatively,2020-10-29 19:39:38,3
20320,6,13,3,1,5,assortatively,2020-10-29 19:41:30,3
20320,6,13.75,3,3,6,assortatively,2020-10-29 19:43:30,3
20320,6,13,2,2,7,assortatively,2020-10-29 19:45:16,2
20320,6,12.5,3,2,8,assortatively,2020-10-29 19:47:15,3
20320,6,12,3,2,9,assortatively,2020-10-29 19:49:22,3
20320,6,15,3,3,10,assortatively,2020-10-29 19:51:21,3
20320,6,14,3,3,11,assortatively,2020-10-29 19:53:15,3
20320,6,15,3,4,12,assortatively,2020-10-29 19:55:15,3
20320,6,13.5,3,3,13,assortatively,2020-10-29 19:57:08,3
20320,6,13.5,3,2,14,assortatively,2020-10-29 19:59:31,3
20320,6,13,3,4,15,assortatively,2020-10-29 20:01:14,3
20320,6,10.5,3,2,16,assortatively,2020-10-29 20:03:14,3
20320,5,14.5,3,3,17,assortatively,2020-10-29 20:05:24,3
20320,6,10,3,2,18,assortatively,2020-10-29 20:07:26,3
20320,5,13.5,3,3,19,assortatively,2020-10-29 20:09:33,3
20320,5,11.5,3,2,20,assortatively,2020-10-29 20:11:15,3
20386,3,17.5,3,2,2,not,2020-10-29 19:36:43,3
20386,3,14,3,2,3,not,2020-10-29 19:39:00,3
20386,4,12,3,2,4,not,2020-10-29 19:39:50,3
20386,4,11,3,2,5,not,2020-10-29 19:41:40,3
20386,5,10,3,2,6,not,2020-10-29 19:44:39,3
20386,3,10,3,2,7,not,2020-10-29 19:45:51,3
20386,3,10,3,2,8,not,2020-10-29 19:47:33,3
20386,1,11,3,2,9,not,2020-10-29 19:49:34,3
20386,1,11,3,2,10,not,2020-10-29 19:52:07,3
20386,2,14,3,2,11,not,2020-10-29 19:53:33,3
20386,4,10,3,2,12,not,2020-10-29 19:56:14,3
20386,2,12.5,3,2,13,not,2020-10-29 19:57:36,3
20386,3,NA,NA,2,14,not,2020-10-29 19:59:59,3
20425,2,13,3,0,2,assortatively,2020-10-29 19:36:25,3
21338,8,6.75,3,0,2,randomly,2020-10-29 19:35:32,3
21338,6,11.5,3,1,3,randomly,2020-10-29 19:37:43,3
21338,7,10.5,3,3,4,randomly,2020-10-29 19:39:35,3
21338,8,12,3,3,5,randomly,2020-10-29 19:41:14,3
21338,7,8,3,4,6,randomly,2020-10-29 19:43:18,3
21338,8,14,3,4,7,randomly,2020-10-29 19:45:20,3
21338,6,12,3,1,8,randomly,2020-10-29 19:47:16,3
21338,9,13,3,4,9,randomly,2020-10-29 19:49:14,3
21338,10,8,3,1,10,randomly,2020-10-29 19:51:20,3
21338,8,10.625,4,0,11,randomly,2020-10-29 19:53:21,4
21338,9,7.5,3,0,12,randomly,2020-10-29 19:56:15,3
21338,8,9,3,0,13,randomly,2020-10-29 19:57:21,3
21338,8,10.5,3,3,14,randomly,2020-10-29 19:59:27,3
21338,9,10.5,3,4,15,randomly,2020-10-29 20:02:06,3
21338,7,6.5,3,2,16,randomly,2020-10-29 20:03:28,3
21338,8,14,3,2,17,randomly,2020-10-29 20:05:13,3
21338,8,10.5,3,3,18,randomly,2020-10-29 20:07:11,3
21338,9,8,3,4,19,randomly,2020-10-29 20:09:15,3
21338,9,14.5,3,2,20,randomly,2020-10-29 20:11:23,3
22378,8,12.5,3,2,2,not,2020-10-29 19:35:55,3
22378,3,14,3,2,3,not,2020-10-29 19:38:38,3
22378,3,13,3,2,4,not,2020-10-29 19:39:24,3
22378,3,12,3,2,5,not,2020-10-29 19:41:50,3
22378,1,14,3,2,6,not,2020-10-29 19:43:21,3
22378,1,12,3,2,7,not,2020-10-29 19:46:03,3
22378,1,12,3,2,8,not,2020-10-29 19:47:42,3
22378,1,11,3,2,9,not,2020-10-29 19:49:23,3
22378,1,11,3,2,10,not,2020-10-29 19:52:18,3
22378,8,8,3,2,11,not,2020-10-29 19:54:18,3
22378,1,13,3,2,12,not,2020-10-29 19:55:32,3
22378,5,9.5,3,2,13,not,2020-10-29 19:58:27,3
22378,1,12.5,3,2,14,not,2020-10-29 20:00:14,3
22378,1,10.5,1,2,15,not,2020-10-29 20:02:36,1
22378,10,15,1,2,16,not,2020-10-29 20:04:20,1
22378,1,10.5,1,2,17,not,2020-10-29 20:06:28,1
22378,3,11.5,1,2,18,not,2020-10-29 20:07:40,1
22378,8,14,1,2,19,not,2020-10-29 20:09:51,1
22378,1,10.5,1,2,20,not,2020-10-29 20:12:50,1
26254,10,10.5,3,2,2,not,2020-10-29 19:35:43,3
26254,8,9,3,2,3,not,2020-10-29 19:38:01,3
26254,5,11,3,2,4,not,2020-10-29 19:40:24,3
26254,3,12,3,2,5,not,2020-10-29 19:42:36,3
26254,4,11,3,2,6,not,2020-10-29 19:44:13,3
26254,2,11,3,2,7,not,2020-10-29 19:46:47,3
26254,2,11,3,2,8,not,2020-10-29 19:47:49,3
26254,2,10,3,2,9,not,2020-10-29 19:49:48,3
26254,2,10,3,2,10,not,2020-10-29 19:51:34,3
26254,2,14,3,2,11,not,2020-10-29 19:54:03,3
26254,3,11,3,2,12,not,2020-10-29 19:55:16,3
26254,2,12.5,3,2,13,not,2020-10-29 19:57:20,3
26254,3,10.5,3,2,14,not,2020-10-29 19:59:42,3
27166,5,15.5,3,1,2,randomly,2020-10-29 19:35:23,3
27166,4,14.5,3,2,3,randomly,2020-10-29 19:38:01,3
27166,5,17,3,0,4,randomly,2020-10-29 19:39:27,3
27166,5,15,3,3,5,randomly,2020-10-29 19:41:28,3
27166,5,16.5,3,1,6,randomly,2020-10-29 19:43:20,3
27166,5,14.5,3,2,7,randomly,2020-10-29 19:45:17,3
27166,5,13,3,1,8,randomly,2020-10-29 19:47:17,3
27166,5,16.25,3,3,9,randomly,2020-10-29 19:49:22,3
27166,5,10.5,3,0,10,randomly,2020-10-29 19:51:26,3
27166,4,16.5,3,2,11,randomly,2020-10-29 19:53:20,3
27166,5,11.5,3,2,12,randomly,2020-10-29 19:55:18,3
27166,3,13.5,3,3,13,randomly,2020-10-29 19:57:22,3
27166,3,11.5,3,1,14,randomly,2020-10-29 19:59:39,3
27166,1,12,3,0,15,randomly,2020-10-29 20:01:24,3
27166,0,16.5,3,4,16,randomly,2020-10-29 20:03:29,3
27166,3,10.5,3,0,17,randomly,2020-10-29 20:05:21,3
27166,1,16,3,4,18,randomly,2020-10-29 20:07:24,3
27166,5,12.5,3,0,19,randomly,2020-10-29 20:09:18,3
27166,2,9,3,3,20,randomly,2020-10-29 20:11:43,3
27919,1,13.75,3,0,2,randomly,2020-10-29 19:35:53,3
27919,2,15.5,3,1,3,randomly,2020-10-29 19:38:17,3
27919,1,16.5,3,3,4,randomly,2020-10-29 19:39:57,3
27919,1,15,3,1,5,randomly,2020-10-29 19:41:35,3
27919,1,15.5,3,3,6,randomly,2020-10-29 19:43:19,3
27919,1,14.5,3,0,7,randomly,2020-10-29 19:46:00,3
27919,0,13.5,3,2,8,randomly,2020-10-29 19:48:31,3
27919,0,13.5,3,1,9,randomly,2020-10-29 19:49:31,3
27919,0,18,3,1,10,randomly,2020-10-29 19:51:37,3
27919,0,13,2,4,11,randomly,2020-10-29 19:53:27,2
27919,0,13.5,3,3,12,randomly,2020-10-29 19:55:55,3
27919,0,15.75,3,4,13,randomly,2020-10-29 19:57:29,3
27919,0,11,3,4,14,randomly,2020-10-29 19:59:34,3
27919,0,13,3,0,15,randomly,2020-10-29 20:01:17,3
27919,0,13.5,3,2,16,randomly,2020-10-29 20:03:36,3
27919,0,12.5,3,1,17,randomly,2020-10-29 20:05:13,3
27919,0,15,3,1,18,randomly,2020-10-29 20:07:09,3
27919,0,17.5,3,0,19,randomly,2020-10-29 20:09:31,3
27919,0,10,3,1,20,randomly,2020-10-29 20:11:20,3
28435,5,14.5,3,6,2,assortatively,2020-10-29 19:35:14,3
28435,7,12.5,3,2,3,assortatively,2020-10-29 19:38:30,3
28435,9,13.5,3,3,4,assortatively,2020-10-29 19:39:25,3
28435,9,10,3,5,5,assortatively,2020-10-29 19:41:17,3
28435,8,15.5,3,6,6,assortatively,2020-10-29 19:43:21,3
28435,4,15.5,3,4,7,assortatively,2020-10-29 19:45:46,3
28435,10,8,3,0,8,assortatively,2020-10-29 19:47:36,3
28435,6,16,3,5,9,assortatively,2020-10-29 19:49:48,3
28435,10,11,3,2,10,assortatively,2020-10-29 19:51:28,3
28435,7,15.75,2,6,11,assortatively,2020-10-29 19:53:18,2
28435,9,12,3,4,12,assortatively,2020-10-29 19:55:22,3
28435,9,15.25,2,6,13,assortatively,2020-10-29 19:57:18,2
28435,5,14,3,5,14,assortatively,2020-10-29 19:59:20,3
28435,8,11.5,3,2,15,assortatively,2020-10-29 20:01:24,3
28435,6,15,3,5,16,assortatively,2020-10-29 20:03:08,3
28435,8,11.5,3,2,17,assortatively,2020-10-29 20:05:14,3
28435,10,12,3,5,18,assortatively,2020-10-29 20:07:14,3
28435,8,15.5,2,6,19,assortatively,2020-10-29 20:09:40,2
28435,5,14.5,3,5,20,assortatively,2020-10-29 20:11:15,3
28610,3,16,2,8,2,assortatively,2020-10-29 19:35:39,2
28610,5,12,3,1,3,assortatively,2020-10-29 19:37:22,3
28610,10,10.5,3,2,4,assortatively,2020-10-29 19:39:23,3
28610,10,15,2,7,5,assortatively,2020-10-29 19:41:19,2
28610,5,15.5,2,7,6,assortatively,2020-10-29 19:43:17,2
28610,5,13,3,1,7,assortatively,2020-10-29 19:45:17,3
28610,10,10,3,1,8,assortatively,2020-10-29 19:47:14,3
28610,5,16.25,2,6,9,assortatively,2020-10-29 19:49:13,2
28610,5,12.5,3,1,10,assortatively,2020-10-29 19:51:15,3
28610,5,13,3,1,11,assortatively,2020-10-29 19:53:16,3
28610,5,13,3,2,12,assortatively,2020-10-29 19:55:16,3
28610,7,13,3,2,13,assortatively,2020-10-29 19:57:13,3
28610,6,12,3,4,14,assortatively,2020-10-29 19:59:12,3
28610,6,14,3,3,15,assortatively,2020-10-29 20:01:13,3
28610,10,11.5,3,3,16,assortatively,2020-10-29 20:03:16,3
28610,10,15,2,6,17,assortatively,2020-10-29 20:05:26,2
28610,5,16.25,2,6,18,assortatively,2020-10-29 20:07:18,2
28610,10,7.5,3,2,19,assortatively,2020-10-29 20:09:15,3
28610,10,15,2,6,20,assortatively,2020-10-29 20:11:15,2
30074,10,10.5,3,1,2,randomly,2020-10-29 19:35:14,3
30074,10,8.5,3,2,3,randomly,2020-10-29 19:37:30,3
30074,2,15.5,3,2,4,randomly,2020-10-29 19:39:31,3
30074,1,18.5,3,2,5,randomly,2020-10-29 19:41:21,3
30074,0,16,3,0,6,randomly,2020-10-29 19:43:25,3
30074,0,15.5,3,0,7,randomly,2020-10-29 19:45:32,3
30074,5,13,3,1,8,randomly,2020-10-29 19:47:24,3
30074,5,13.5,3,2,9,randomly,2020-10-29 19:49:31,3
30074,5,10.5,3,0,10,randomly,2020-10-29 19:51:13,3
30074,4,14.625,4,0,11,randomly,2020-10-29 19:53:15,4
30074,4,12.5,3,0,12,randomly,2020-10-29 19:55:28,3
30074,5.5,9.25,3,2,13,randomly,2020-10-29 19:57:29,3
30074,5.5,14.75,3,0,14,randomly,2020-10-29 19:59:25,3
30074,5.5,11.25,3,2,15,randomly,2020-10-29 20:01:22,3
30074,6,12,3,0,16,randomly,2020-10-29 20:03:30,3
30074,10,12,3,2,17,randomly,2020-10-29 20:05:23,3
30074,10,5,3,0,18,randomly,2020-10-29 20:07:21,3
30074,10,7.5,3,0,19,randomly,2020-10-29 20:09:30,3
30074,10,13.5,3,2,20,randomly,2020-10-29 20:11:16,3
30329,10,9.625,3,3,2,not,2020-10-29 19:35:59,3
30329,7,11.125,3,3,3,not,2020-10-29 19:37:21,3
30329,3,13.125,3,3,4,not,2020-10-29 19:39:24,3
30329,4,12.5,3,3,5,not,2020-10-29 19:41:41,3
30329,4,15,3,3,6,not,2020-10-29 19:43:17,3
30329,3,16.375,3,3,7,not,2020-10-29 19:45:28,3
30329,5,11.25,3,3,8,not,2020-10-29 19:47:36,3
30329,4,11.75,3,3,9,not,2020-10-29 19:49:12,3
30329,3,13.625,3,3,10,not,2020-10-29 19:51:18,3
30329,2,15.75,3,3,11,not,2020-10-29 19:53:21,3
30329,2,16,3,3,12,not,2020-10-29 19:55:25,3
30329,1,16.125,3,3,13,not,2020-10-29 19:57:11,3
30329,6,13.75,3,3,14,not,2020-10-29 19:59:28,3
30329,7,13,3,3,15,not,2020-10-29 20:01:13,3
30329,8,14.375,3,3,16,not,2020-10-29 20:03:12,3
30329,8,14.625,3,3,17,not,2020-10-29 20:05:12,3
30329,1,18.125,3,3,18,not,2020-10-29 20:07:12,3
30329,2,16.875,3,3,19,not,2020-10-29 20:09:12,3
30329,6,12.125,3,3,20,not,2020-10-29 20:11:15,3
30917,8,11.5,3,6,2,assortatively,2020-10-29 19:35:20,3
30917,7,12.5,3,6,3,assortatively,2020-10-29 19:37:30,3
30917,6,14.5,3,4,4,assortatively,2020-10-29 19:39:29,3
30917,6,13.5,3,3,5,assortatively,2020-10-29 19:41:31,3
30917,6,13,2,2,6,assortatively,2020-10-29 19:43:24,2
30917,6,13,2,2,7,assortatively,2020-10-29 19:45:12,2
30917,6,12.5,3,2,8,assortatively,2020-10-29 19:47:16,3
30917,5,13,3,2,9,assortatively,2020-10-29 19:49:13,3
30917,5,12.5,3,0,10,assortatively,2020-10-29 19:51:17,3
30917,6,11.5,3,0,11,assortatively,2020-10-29 19:53:33,3
30917,7,12,3,3,12,assortatively,2020-10-29 19:55:18,3
30917,7,14,3,4,13,assortatively,2020-10-29 19:57:18,3
30917,8,10,3,4,14,assortatively,2020-10-29 19:59:18,3
30917,8,15.5,2,6,15,assortatively,2020-10-29 20:01:28,2
30917,8,15.5,2,6,16,assortatively,2020-10-29 20:03:16,2
30917,8,9.5,3,5,17,assortatively,2020-10-29 20:05:17,3
30917,7,15,3,5,18,assortatively,2020-10-29 20:07:23,3
30917,7,13.5,3,4,19,assortatively,2020-10-29 20:09:13,3
30917,7,14.5,3,4,20,assortatively,2020-10-29 20:11:14,3
31479,7,15,3,2,2,randomly,2020-10-29 19:35:28,3
31479,3,15.5,3,2,3,randomly,2020-10-29 19:37:40,3
31479,10,12,3,0,4,randomly,2020-10-29 19:39:29,3
31479,6,15.5,3,0,5,randomly,2020-10-29 19:41:33,3
31479,4,12,3,0,6,randomly,2020-10-29 19:43:29,3
31479,2,13.5,3,1,7,randomly,2020-10-29 19:45:35,3
31479,2,13.5,3,0,8,randomly,2020-10-29 19:47:25,3
31479,0,13,3,0,9,randomly,2020-10-29 19:49:30,3
31479,2,11.5,3,3,10,randomly,2020-10-29 19:51:54,3
31479,0,13.5,3,3,11,randomly,2020-10-29 19:53:24,3
31479,1,12.5,3,3,12,randomly,2020-10-29 19:55:29,3
31479,0,14.75,3,2,13,randomly,2020-10-29 19:57:24,3
31479,0,11,3,4,14,randomly,2020-10-29 19:59:31,3
31479,2,13.5,3,1,15,randomly,2020-10-29 20:01:42,3
31479,0,16,3,1,16,randomly,2020-10-29 20:03:17,3
31479,0,13.5,3,0,17,randomly,2020-10-29 20:05:39,3
31479,0,15,3,0,18,randomly,2020-10-29 20:07:26,3
31479,0,17,3,4,19,randomly,2020-10-29 20:09:20,3
31479,0,10,3,1,20,randomly,2020-10-29 20:11:13,3
32558,9,13,3,2,2,randomly,2020-10-29 19:35:58,3
32558,8.5,14.75,3,3,3,randomly,2020-10-29 19:38:13,3
32558,9,13.5,3,4,4,randomly,2020-10-29 19:40:44,3
32558,9,10.5,3,2,5,randomly,2020-10-29 19:41:51,3
32558,8,8,3,0,6,randomly,2020-10-29 19:43:19,3
32558,8,7.5,3,1,7,randomly,2020-10-29 19:45:24,3
32558,7,13.5,3,3,8,randomly,2020-10-29 19:47:37,3
32558,7.5,13.75,3,3,9,randomly,2020-10-29 19:49:22,3
32558,8,12,3,4,10,randomly,2020-10-29 19:53:06,3
32558,7,6.5,3,3,11,randomly,2020-10-29 19:53:19,3
32558,5,15,3,1,12,randomly,2020-10-29 19:55:48,3
32558,7.5,8.25,3,4,13,randomly,2020-10-29 19:58:06,3
32558,6,11.5,3,2,14,randomly,2020-10-29 19:59:57,3
32558,5,15,3,3,15,randomly,2020-10-29 20:01:16,3
32558,8,10,3,0,16,randomly,2020-10-29 20:03:27,3
32558,7,10.5,3,4,17,randomly,2020-10-29 20:05:26,3
32558,6,11,3,4,18,randomly,2020-10-29 20:07:48,3
32558,5,12,3,4,19,randomly,2020-10-29 20:10:02,3
32558,7,15,3,4,20,randomly,2020-10-29 20:11:47,3
36709,8,14,3,2,2,randomly,2020-10-29 19:35:13,3
36709,6,15.5,3,0,3,randomly,2020-10-29 19:37:42,3
36709,6,11,3,1,4,randomly,2020-10-29 19:39:20,3
36709,1,16,3,4,5,randomly,2020-10-29 19:41:18,3
36709,1,18,3,2,6,randomly,2020-10-29 19:43:14,3
36709,1,14.5,3,1,7,randomly,2020-10-29 19:45:10,3
36709,1,14.5,3,0,8,randomly,2020-10-29 19:47:33,3
36709,1,12.5,3,1,9,randomly,2020-10-29 19:49:19,3
36709,0,19.5,3,2,10,randomly,2020-10-29 19:51:09,3
36709,0,18,3,1,11,randomly,2020-10-29 19:53:16,3
36709,0,16.5,3,2,12,randomly,2020-10-29 19:55:19,3
36709,0,17,3,0,13,randomly,2020-10-29 19:57:42,3
36709,0,14.5,3,1,14,randomly,2020-10-29 19:59:10,3
36709,0,19.5,3,4,15,randomly,2020-10-29 20:01:10,3
36709,0,16.5,3,3,16,randomly,2020-10-29 20:04:11,3
36709,0,12.5,3,1,17,randomly,2020-10-29 20:05:15,3
36709,0,17,3,2,18,randomly,2020-10-29 20:07:16,3
36709,0,14,3,3,19,randomly,2020-10-29 20:09:14,3
36709,0,11,3,3,20,randomly,2020-10-29 20:11:08,3
37433,8,13.5,3,5,2,assortatively,2020-10-29 19:35:14,3
37433,8,13.5,3,5,3,assortatively,2020-10-29 19:37:28,3
37433,6,14.5,3,6,4,assortatively,2020-10-29 19:39:11,3
37433,7,12.5,3,3,5,assortatively,2020-10-29 19:41:28,3
37433,8,12.5,3,4,6,assortatively,2020-10-29 19:43:33,3
37433,8,11.5,3,4,7,assortatively,2020-10-29 19:45:21,3
37433,7,14.5,3,5,8,assortatively,2020-10-29 19:47:38,3
37433,5,15.5,3,4,9,assortatively,2020-10-29 19:49:53,3
37433,5,12.5,3,1,10,assortatively,2020-10-29 19:51:32,3
37433,6,12.5,3,2,11,assortatively,2020-10-29 19:53:45,3
37433,5,14,3,3,12,assortatively,2020-10-29 19:55:14,3
37433,4,16,3,2,13,assortatively,2020-10-29 19:57:23,3
37433,6,11,3,1,14,assortatively,2020-10-29 19:59:24,3
37433,7,13,3,3,15,assortatively,2020-10-29 20:01:25,3
37433,7,12.5,3,4,16,assortatively,2020-10-29 20:03:30,3
37433,7,12,3,4,17,assortatively,2020-10-29 20:05:42,3
37433,8,12,3,3,18,assortatively,2020-10-29 20:07:44,3
37433,8,12.5,3,5,19,assortatively,2020-10-29 20:09:43,3
37433,7,12.5,3,5,20,assortatively,2020-10-29 20:11:30,3
38091,9,10.625,3,3,2,not,2020-10-29 19:35:19,3
38091,9,9.125,3,3,3,not,2020-10-29 19:37:27,3
38091,8,8.125,3,3,4,not,2020-10-29 19:39:28,3
38091,6,10.5,3,3,5,not,2020-10-29 19:41:29,3
38091,6,13,3,3,6,not,2020-10-29 19:43:18,3
38091,6,13.375,3,3,7,not,2020-10-29 19:45:25,3
38091,5,11.25,3,3,8,not,2020-10-29 19:47:13,3
38091,5,10.75,3,3,9,not,2020-10-29 19:49:33,3
38091,3,13.625,3,3,10,not,2020-10-29 19:51:22,3
38091,6,11.75,3,3,11,not,2020-10-29 19:53:26,3
38091,6,12,3,3,12,not,2020-10-29 19:56:07,3
38091,6,11.125,3,3,13,not,2020-10-29 19:57:11,3
38091,5,14.75,3,3,14,not,2020-10-29 19:59:11,3
38091,5,15,3,3,15,not,2020-10-29 20:01:15,3
38091,8,14.375,3,3,16,not,2020-10-29 20:03:22,3
38091,8,14.625,3,3,17,not,2020-10-29 20:05:19,3
38091,8,11.125,3,3,18,not,2020-10-29 20:07:16,3
38091,6,12.875,3,3,19,not,2020-10-29 20:09:15,3
38091,6,12.125,3,3,20,not,2020-10-29 20:11:17,3
38308,0.25,19.375,3,3,2,not,2020-10-29 19:36:37,3
38308,0.25,17.875,3,3,3,not,2020-10-29 19:37:14,3
38308,1.25,14.875,3,3,4,not,2020-10-29 19:39:17,3
38308,3,13.5,3,3,5,not,2020-10-29 19:41:16,3
38308,8,11,3,3,6,not,2020-10-29 19:43:37,3
38308,9.75,9.625,3,3,7,not,2020-10-29 19:45:53,3
38308,2.5,13.75,3,3,8,not,2020-10-29 19:48:07,3
38308,2.5,13.25,3,3,9,not,2020-10-29 19:49:45,3
38308,7.25,9.375,3,3,10,not,2020-10-29 19:51:58,3
38308,7.5,10.25,3,3,11,not,2020-10-29 19:53:49,3
38308,8,10,3,3,12,not,2020-10-29 19:55:34,3
38308,7.25,9.875,3,3,13,not,2020-10-29 19:58:41,3
38308,8.5,11.25,3,3,14,not,2020-10-29 19:59:33,3
38308,8,12,3,3,15,not,2020-10-29 20:01:32,3
38308,8.75,13.625,3,3,16,not,2020-10-29 20:03:51,3
38308,9.25,13.375,3,3,17,not,2020-10-29 20:05:35,3
38308,9.25,9.875,3,3,18,not,2020-10-29 20:07:22,3
38308,9.75,9.125,3,3,19,not,2020-10-29 20:09:48,3
38308,4.25,13.875,3,3,20,not,2020-10-29 20:12:29,3
38692,7,13.5,3,4,2,randomly,2020-10-29 19:35:19,3
38692,6,14,3,4,3,randomly,2020-10-29 19:37:23,3
38692,6,11,3,1,4,randomly,2020-10-29 19:39:13,3
38692,6,10,3,1,5,randomly,2020-10-29 19:41:32,3
38692,6,10.5,3,3,6,randomly,2020-10-29 19:43:20,3
38692,6,16,3,4,7,randomly,2020-10-29 19:45:36,3
38692,6,14.5,3,3,8,randomly,2020-10-29 19:47:47,3
38692,6,7.5,3,1,9,randomly,2020-10-29 19:49:53,3
38692,6,14,3,4,10,randomly,2020-10-29 19:51:28,3
38692,6,12,3,1,11,randomly,2020-10-29 19:53:39,3
38692,6,7.5,3,3,12,randomly,2020-10-29 19:55:09,3
38692,6,11,3,1,13,randomly,2020-10-29 19:57:39,3
38692,6,11.5,3,2,14,randomly,2020-10-29 19:59:13,3
38692,6,10.75,3,2,15,randomly,2020-10-29 20:01:24,3
38692,7,9.5,3,3,16,randomly,2020-10-29 20:03:14,3
38692,6,16,3,2,17,randomly,2020-10-29 20:05:26,3
38692,6,11,3,2,18,randomly,2020-10-29 20:07:56,3
38692,6,12,3,1,19,randomly,2020-10-29 20:10:45,3
38692,6,12,3,0,20,randomly,2020-10-29 20:12:10,3
38961,10,8.5,3,4,2,not,2020-10-29 19:35:32,3
38961,4,11,3,4,3,not,2020-10-29 19:37:36,3
38961,2,12,3,4,4,not,2020-10-29 19:39:17,3
38961,1,12,3,4,5,not,2020-10-29 19:41:19,3
38961,0,12,3,4,6,not,2020-10-29 19:43:24,3
38961,0,13.5,3,4,7,not,2020-10-29 19:45:27,3
38961,1,13,3,4,8,not,2020-10-29 19:47:15,3
38961,1,11.25,2,4,9,not,2020-10-29 19:49:14,2
38961,2,11,2,4,10,not,2020-10-29 19:51:21,2
38961,10,9,2,4,11,not,2020-10-29 19:53:31,2
38961,3,10.75,2,4,12,not,2020-10-29 19:55:34,2
38961,3,10.75,2,4,13,not,2020-10-29 19:57:28,2
38961,2,10.25,2,4,14,not,2020-10-29 19:59:29,2
38961,1,10.5,2,4,15,not,2020-10-29 20:01:33,2
38961,2,10.25,2,4,16,not,2020-10-29 20:03:30,2
38961,1,10.5,2,4,17,not,2020-10-29 20:05:39,2
38961,1,10.5,2,4,18,not,2020-10-29 20:07:41,2
38961,0,10.75,2,4,19,not,2020-10-29 20:09:41,2
38961,0,10.75,2,4,20,not,2020-10-29 20:11:45,2
40863,10,10.5,3,4,2,randomly,2020-10-29 19:35:14,3
40863,10,13.25,3,3,3,randomly,2020-10-29 19:37:18,3
40863,10,12.5,3,4,4,randomly,2020-10-29 19:39:10,3
40863,9,12.5,3,0,5,randomly,2020-10-29 19:41:10,3
40863,9,10,3,2,6,randomly,2020-10-29 19:43:11,3
40863,8,7,3,3,7,randomly,2020-10-29 19:45:18,3
40863,8,7.5,3,0,8,randomly,2020-10-29 19:47:09,3
40863,10,11.25,3,3,9,randomly,2020-10-29 19:49:11,3
40863,5,8.5,3,3,10,randomly,2020-10-29 19:51:16,3
40863,5,13.625,4,0,11,randomly,2020-10-29 19:53:17,4
40863,8,8.5,3,2,12,randomly,2020-10-29 19:55:11,3
40863,0,16.5,3,3,13,randomly,2020-10-29 19:57:10,3
40863,2,9,3,4,14,randomly,2020-10-29 19:59:19,3
40863,2,14.75,3,2,15,randomly,2020-10-29 20:01:16,3
40863,2,16,3,0,16,randomly,2020-10-29 20:03:27,3
40863,8,9.5,3,4,17,randomly,2020-10-29 20:05:11,3
40863,8,9,3,2,18,randomly,2020-10-29 20:07:17,3
40863,6,11.5,3,2,19,randomly,2020-10-29 20:09:15,3
40863,9,13,3,4,20,randomly,2020-10-29 20:11:11,3
43777,1,14.5,3,1,2,assortatively,2020-10-29 19:35:39,3
43777,3,10,2,0,3,assortatively,2020-10-29 19:37:19,2
43777,3,14.5,3,0,4,assortatively,2020-10-29 19:39:28,3
43777,4,11.5,3,0,5,assortatively,2020-10-29 19:41:16,3
43777,4,11.5,3,0,6,assortatively,2020-10-29 19:43:32,3
43777,4,9.5,3,0,7,assortatively,2020-10-29 19:45:13,3
43777,5,15,3,1,8,assortatively,2020-10-29 19:47:15,3
43777,7,12.5,3,0,9,assortatively,2020-10-29 19:49:17,3
43777,8,13,3,3,10,assortatively,2020-10-29 19:51:14,3
43777,3,16.5,3,5,11,assortatively,2020-10-29 19:53:20,3
43777,5,10.5,3,0,12,assortatively,2020-10-29 19:55:27,3
43777,5,14,3,1,13,assortatively,2020-10-29 19:57:13,3
43777,7,12.5,3,2,14,assortatively,2020-10-29 19:59:37,3
43777,4,16,3,5,15,assortatively,2020-10-29 20:01:21,3
43777,6,12,3,1,16,assortatively,2020-10-29 20:03:19,3
43777,4,15.5,3,2,17,assortatively,2020-10-29 20:05:20,3
43777,8,10,3,1,18,assortatively,2020-10-29 20:08:00,3
43777,6,14.5,3,5,19,assortatively,2020-10-29 20:09:17,3
43777,8,11.5,3,3,20,assortatively,2020-10-29 20:11:17,3
44172,3,15.5,3,4,2,not,2020-10-29 19:36:17,3
44172,3,12,3,4,3,not,2020-10-29 19:38:07,3
44172,4,10,3,4,4,not,2020-10-29 19:39:28,3
44172,3,10,3,4,5,not,2020-10-29 19:41:43,3
44172,2,10,3,4,6,not,2020-10-29 19:44:56,3
44172,5,8.5,3,4,7,not,2020-10-29 19:45:43,3
44172,5,NA,NA,4,8,not,2020-10-29 19:48:29,3
45360,4,14.5,3,4,2,not,2020-10-29 19:35:39,3
45360,3,12,3,4,3,not,2020-10-29 19:38:29,3
45360,2,12,3,4,4,not,2020-10-29 19:39:49,3
45360,2,11,3,4,5,not,2020-10-29 19:41:33,3
45360,2,10,3,4,6,not,2020-10-29 19:43:16,3
45360,2,11.5,3,4,7,not,2020-10-29 19:45:42,3
45360,2,12,3,4,8,not,2020-10-29 19:47:33,3
45360,2,10.25,2,4,9,not,2020-10-29 19:49:56,2
45360,2,11,2,4,10,not,2020-10-29 19:51:37,2
45360,2,17,2,4,11,not,2020-10-29 19:53:50,2
45360,2,11.75,2,4,12,not,2020-10-29 19:55:12,2
45360,2,11.75,2,4,13,not,2020-10-29 19:57:44,2
45360,1,11.25,2,4,14,not,2020-10-29 19:59:32,2
45360,1,10.5,2,4,15,not,2020-10-29 20:01:15,2
45360,1,11.25,2,4,16,not,2020-10-29 20:03:13,2
45360,1,10.5,2,4,17,not,2020-10-29 20:05:13,2
45360,1,10.5,2,4,18,not,2020-10-29 20:08:09,2
45360,1,9.75,2,4,19,not,2020-10-29 20:09:12,2
45360,1,9.75,2,4,20,not,2020-10-29 20:11:12,2
46309,5,10,3,0,2,assortatively,2020-10-29 19:35:58,3
46309,4,13,3,1,3,assortatively,2020-10-29 19:37:32,3
46309,3,14.5,3,0,4,assortatively,2020-10-29 19:39:21,3
46309,3,12.5,3,0,5,assortatively,2020-10-29 19:41:43,3
46309,4,11.5,3,0,6,assortatively,2020-10-29 19:43:22,3
46309,2,11.5,3,0,7,assortatively,2020-10-29 19:45:26,3
46309,2,16,3,0,8,assortatively,2020-10-29 19:47:34,3
46309,6,13.5,3,0,9,assortatively,2020-10-29 19:49:44,3
46309,8,13,3,3,10,assortatively,2020-10-29 19:51:39,3
46309,9,10.5,3,5,11,assortatively,2020-10-29 19:53:25,3
46309,8,14,3,5,12,assortatively,2020-10-29 19:55:23,3
46309,8,9.5,3,5,13,assortatively,2020-10-29 19:57:23,3
46309,6,13,3,5,14,assortatively,2020-10-29 19:59:29,3
46309,7,13,3,3,15,assortatively,2020-10-29 20:01:15,3
46309,7,12.5,3,4,16,assortatively,2020-10-29 20:03:26,3
46309,6,13,3,4,17,assortatively,2020-10-29 20:05:40,3
46309,5,11,3,2,18,assortatively,2020-10-29 20:07:27,3
46309,5,11,3,1,19,assortatively,2020-10-29 20:09:24,3
46309,3,13.5,3,2,20,assortatively,2020-10-29 20:11:34,3
47460,8,14,2,4,2,assortatively,2020-10-29 19:35:23,2
47460,8,15.5,3,7,3,assortatively,2020-10-29 19:37:46,3
47460,6.5,12.75,3,5,4,assortatively,2020-10-29 19:39:31,3
47460,6.5,14.25,3,4,5,assortatively,2020-10-29 19:41:28,3
47460,6.5,13.25,3,3,6,assortatively,2020-10-29 19:43:36,3
47460,6,13.5,3,3,7,assortatively,2020-10-29 19:45:25,3
47460,6,12.5,3,3,8,assortatively,2020-10-29 19:47:27,3
47460,5,13,3,2,9,assortatively,2020-10-29 19:49:39,3
47460,5,12.5,3,0,10,assortatively,2020-10-29 19:51:23,3
47460,5,12.5,3,0,11,assortatively,2020-10-29 19:53:20,3
47460,4,13,3,1,12,assortatively,2020-10-29 19:55:22,3
47460,4,11,3,0,13,assortatively,2020-10-29 19:57:24,3
47460,3,14,3,1,14,assortatively,2020-10-29 19:59:15,3
47460,3,12,3,0,15,assortatively,2020-10-29 20:01:29,3
47460,3,13.5,3,0,16,assortatively,2020-10-29 20:03:24,3
47460,3,11,3,0,17,assortatively,2020-10-29 20:05:25,3
47460,2,16,3,1,18,assortatively,2020-10-29 20:07:22,3
47460,2,11.5,3,0,19,assortatively,2020-10-29 20:09:21,3
47460,1,13.5,3,1,20,assortatively,2020-10-29 20:11:22,3
48856,8,15,3,3,2,randomly,2020-10-29 19:36:01,3
48856,8,13.5,3,0,3,randomly,2020-10-29 19:37:23,3
48856,5,12.5,3,2,4,randomly,2020-10-29 19:39:30,3
48856,8,13.5,3,0,5,randomly,2020-10-29 19:41:34,3
48856,8,11,3,2,6,randomly,2020-10-29 19:43:33,3
48856,7,12.5,3,2,7,randomly,2020-10-29 19:45:19,3
48856,9,12.5,3,4,8,randomly,2020-10-29 19:47:25,3
48856,7,11.5,3,2,9,randomly,2020-10-29 19:49:23,3
48856,10,9.5,3,2,10,randomly,2020-10-29 19:51:19,3
48856,10,10.5,3,2,11,randomly,2020-10-29 19:53:22,3
48856,9,11,3,1,12,randomly,2020-10-29 19:55:21,3
48856,10,6.5,3,3,13,randomly,2020-10-29 19:57:17,3
48856,9,9.5,3,3,14,randomly,2020-10-29 19:59:18,3
48856,10,9.5,3,4,15,randomly,2020-10-29 20:01:41,3
48856,8,8.5,3,4,16,randomly,2020-10-29 20:03:14,3
48856,10,8,3,3,17,randomly,2020-10-29 20:05:18,3
48856,7,10,3,4,18,randomly,2020-10-29 20:07:20,3
48856,9,8.5,3,2,19,randomly,2020-10-29 20:09:14,3
48856,8,15.5,3,2,20,randomly,2020-10-29 20:11:22,3
49067,3,12,3,0,2,assortatively,2020-10-29 19:35:25,3
49067,5,12,3,1,3,assortatively,2020-10-29 19:38:24,3
49067,6,11,3,1,4,assortatively,2020-10-29 19:40:22,3
49067,7,13,3,2,5,assortatively,2020-10-29 19:42:32,3
49067,6,NA,NA,4,6,assortatively,2020-10-29 19:43:34,3
49224,8,15,3,3,2,randomly,2020-10-29 19:35:19,3
49224,8,12,3,4,3,randomly,2020-10-29 19:37:32,3
49224,7,10.5,3,3,4,randomly,2020-10-29 19:39:29,3
49224,5,11,3,1,5,randomly,2020-10-29 19:41:22,3
49224,1,14,3,4,6,randomly,2020-10-29 19:43:24,3
49224,1,14,3,3,7,randomly,2020-10-29 19:45:17,3
49224,1,12.5,3,2,8,randomly,2020-10-29 19:47:21,3
49224,1,12,3,0,9,randomly,2020-10-29 19:49:52,3
49224,0,13.5,3,3,10,randomly,2020-10-29 19:51:16,3
49224,0,13.5,3,3,11,randomly,2020-10-29 19:53:50,3
49224,0,16.5,3,0,12,randomly,2020-10-29 19:55:27,3
49224,0,17,3,1,13,randomly,2020-10-29 19:57:27,3
49224,0,18.5,3,3,14,randomly,2020-10-29 19:59:25,3
49224,0,15.5,3,1,15,randomly,2020-10-29 20:01:21,3
49224,0,13.5,3,2,16,randomly,2020-10-29 20:03:40,3
49224,0,17.5,3,4,17,randomly,2020-10-29 20:05:36,3
49224,0,15,3,0,18,randomly,2020-10-29 20:07:35,3
49224,0,17.5,3,2,19,randomly,2020-10-29 20:09:32,3
49224,0,11,3,3,20,randomly,2020-10-29 20:11:23,3
49228,6,15,3,5,2,not,2020-10-29 19:35:15,3
49228,6,14.5,3,5,3,not,2020-10-29 19:37:44,3
49228,5,13.5,3,5,4,not,2020-10-29 19:39:30,3
49228,4,14,3,5,5,not,2020-10-29 19:41:40,3
49228,4,16,3,5,6,not,2020-10-29 19:43:22,3
49228,5,15.5,3,5,7,not,2020-10-29 19:45:21,3
49228,3,16.5,3,5,8,not,2020-10-29 19:47:31,3
49228,2,14.5,3,5,9,not,2020-10-29 19:49:30,3
49228,5,15.5,3,5,10,not,2020-10-29 19:51:24,3
49228,6,15,3,5,11,not,2020-10-29 19:53:15,3
49228,6,15,3,5,12,not,2020-10-29 19:55:21,3
49228,6,14,3,5,13,not,2020-10-29 19:57:33,3
49228,5,14.75,2,5,14,not,2020-10-29 19:59:21,2
49228,4,12,2,5,15,not,2020-10-29 20:01:18,2
49228,5,14.75,2,5,16,not,2020-10-29 20:03:13,2
49228,6,12.25,2,5,17,not,2020-10-29 20:05:19,2
49228,4,15,2,5,18,not,2020-10-29 20:07:24,2
49228,4,12,2,5,19,not,2020-10-29 20:09:15,2
49228,5,14.75,2,5,20,not,2020-10-29 20:11:21,2
50284,9,10,2,8,2,assortatively,2020-10-29 19:35:45,2
50284,9,14.5,3,7,3,assortatively,2020-10-29 19:37:41,3
50284,8,12.5,3,6,4,assortatively,2020-10-29 19:39:24,3
50284,6,13,3,5,5,assortatively,2020-10-29 19:41:17,3
50284,5,13.25,2,1,6,assortatively,2020-10-29 19:43:40,2
50284,5,13,3,1,7,assortatively,2020-10-29 19:45:13,3
50284,5,15,3,1,8,assortatively,2020-10-29 19:47:11,3
50284,5,14,3,1,9,assortatively,2020-10-29 19:49:10,3
50284,5,12.5,3,0,10,assortatively,2020-10-29 19:51:14,3
50284,4,13.5,3,0,11,assortatively,2020-10-29 19:53:21,3
50284,3,12.5,3,0,12,assortatively,2020-10-29 19:55:23,3
50284,3,12,3,0,13,assortatively,2020-10-29 19:57:30,3
50284,4,14.5,3,0,14,assortatively,2020-10-29 19:59:15,3
50284,4,11,3,0,15,assortatively,2020-10-29 20:01:26,3
50284,4,14,3,1,16,assortatively,2020-10-29 20:03:27,3
50284,5,14.5,3,1,17,assortatively,2020-10-29 20:05:33,3
50284,6,12,3,1,18,assortatively,2020-10-29 20:08:01,3
50284,3,14.5,3,2,19,assortatively,2020-10-29 20:09:33,3
50284,4,10.5,3,1,20,assortatively,2020-10-29 20:11:22,3
50522,9,13,3,7,2,assortatively,2020-10-29 19:35:48,3
50522,10,13.5,3,7,3,assortatively,2020-10-29 19:37:45,3
50522,9,15.25,2,7,4,assortatively,2020-10-29 19:39:24,2
50522,10,13.5,3,6,5,assortatively,2020-10-29 19:41:40,3
50522,9,11.5,2,7,6,assortatively,2020-10-29 19:43:32,2
50522,9,14,3,6,7,assortatively,2020-10-29 19:45:28,3
50522,8,13.5,3,5,8,assortatively,2020-10-29 19:47:27,3
50522,9,13,3,5,9,assortatively,2020-10-29 19:49:14,3
50522,5,16.25,2,6,10,assortatively,2020-10-29 19:51:22,2
50522,5,13,3,1,11,assortatively,2020-10-29 19:53:34,3
50522,3,12.5,3,0,12,assortatively,2020-10-29 19:55:49,3
50522,3,12,3,0,13,assortatively,2020-10-29 19:57:39,3
50522,5,13.5,3,0,14,assortatively,2020-10-29 19:59:14,3
50522,5,14.5,3,2,15,assortatively,2020-10-29 20:01:35,3
50522,3,13.5,3,2,16,assortatively,2020-10-29 20:03:35,3
50522,2,12,3,0,17,assortatively,2020-10-29 20:05:34,3
50522,2,16,3,0,18,assortatively,2020-10-29 20:07:32,3
50522,2,14,3,1,19,assortatively,2020-10-29 20:09:27,3
50522,1,15,3,0,20,assortatively,2020-10-29 20:11:40,3
50525,8,13,3,5,2,not,2020-10-29 19:35:29,3
50525,8,12.5,3,5,3,not,2020-10-29 19:37:24,3
50525,8,10.5,3,5,4,not,2020-10-29 19:40:10,3
50525,8,10,3,5,5,not,2020-10-29 19:41:21,3
50525,8,12,3,5,6,not,2020-10-29 19:43:18,3
50525,8,12.5,3,5,7,not,2020-10-29 19:45:34,3
50525,8,11.5,3,5,8,not,2020-10-29 19:49:00,3
50525,8,8.5,3,5,9,not,2020-10-29 19:49:14,3
50525,8,12.5,3,5,10,not,2020-10-29 19:51:13,3
50525,8,13,3,5,11,not,2020-10-29 19:53:30,3
50525,8,13,3,5,12,not,2020-10-29 19:55:45,3
50525,8,NA,NA,5,13,not,2020-10-29 19:57:10,3
50591,8,13,3,5,2,not,2020-10-29 19:35:46,3
50591,7,13.5,3,5,3,not,2020-10-29 19:37:48,3
50591,4,14.5,3,5,4,not,2020-10-29 19:40:21,3
50591,4,14,3,5,5,not,2020-10-29 19:42:19,3
50591,8,12,3,5,6,not,2020-10-29 19:44:12,3
50591,8,12.5,3,5,7,not,2020-10-29 19:45:47,3
50591,8,11.5,3,5,8,not,2020-10-29 19:48:12,3
50591,3,13.5,3,5,9,not,2020-10-29 19:49:54,3
50591,8,12.5,3,5,10,not,2020-10-29 19:52:26,3
50591,8,13,3,5,11,not,2020-10-29 19:54:10,3
50591,8,13,3,5,12,not,2020-10-29 19:56:11,3
50591,6,14,3,5,13,not,2020-10-29 19:57:18,3
50591,8,11.75,2,5,14,not,2020-10-29 20:00:20,2
50591,4,12,2,5,15,not,2020-10-29 20:02:05,2
50591,8,11.75,2,5,16,not,2020-10-29 20:03:57,2
50591,5,13.25,2,5,17,not,2020-10-29 20:06:10,2
50591,8,11,2,5,18,not,2020-10-29 20:08:12,2
50591,4,12,2,5,19,not,2020-10-29 20:10:24,2
50591,8,11.75,2,5,20,not,2020-10-29 20:12:00,2
50659,8,12.875,2,6,2,not,2020-10-29 19:35:15,2
50659,7,13.125,2,6,3,not,2020-10-29 19:37:27,2
50659,6.5,13.25,2,6,4,not,2020-10-29 19:39:24,2
50659,6.5,13.25,2,6,5,not,2020-10-29 19:41:14,2
50659,6.5,13.25,2,6,6,not,2020-10-29 19:43:29,2
50659,6.5,15.875,2,6,7,not,2020-10-29 19:45:14,2
50659,6.5,8.375,2,6,8,not,2020-10-29 19:47:20,2
50659,5.5,13.5,2,6,9,not,2020-10-29 19:49:29,2
50659,6.5,13.25,2,6,10,not,2020-10-29 19:51:14,2
50659,6.5,13.25,2,6,11,not,2020-10-29 19:53:12,2
50659,6.5,13.25,2,6,12,not,2020-10-29 19:55:14,2
50659,6.5,13.25,2,6,13,not,2020-10-29 19:57:16,2
50659,6.5,13.25,2,6,14,not,2020-10-29 19:59:26,2
50659,6.5,13.25,2,6,15,not,2020-10-29 20:01:10,2
50659,6.5,13.25,2,6,16,not,2020-10-29 20:03:12,2
50659,6.5,13.25,2,6,17,not,2020-10-29 20:05:13,2
50659,6.5,13.25,2,6,18,not,2020-10-29 20:07:14,2
50659,6.5,13.25,2,6,19,not,2020-10-29 20:09:14,2
50659,6.5,13.25,2,6,20,not,2020-10-29 20:11:10,2
53861,6.5,14.375,2,6,2,not,2020-10-29 19:35:37,2
53861,6.5,13.625,2,6,3,not,2020-10-29 19:37:30,2
53861,6.5,13.25,2,6,4,not,2020-10-29 19:39:33,2
53861,6.5,13.25,2,6,5,not,2020-10-29 19:41:19,2
53861,6.5,13.25,2,6,6,not,2020-10-29 19:43:53,2
53861,10,12.375,2,6,7,not,2020-10-29 19:45:24,2
53861,0,14.875,2,6,8,not,2020-10-29 19:47:21,2
53861,6.5,12.5,2,6,9,not,2020-10-29 19:49:19,2
53861,6.5,13.25,2,6,10,not,2020-10-29 19:51:20,2
53861,6.5,13.25,2,6,11,not,2020-10-29 19:53:44,2
53861,6.5,13.25,2,6,12,not,2020-10-29 19:55:43,2
53861,6.5,13.25,2,6,13,not,2020-10-29 19:57:13,2
53861,6.5,13.25,2,6,14,not,2020-10-29 19:59:40,2
53861,6.5,13.25,2,6,15,not,2020-10-29 20:01:25,2
53861,6.5,13.25,2,6,16,not,2020-10-29 20:03:14,2
53861,6.5,13.25,2,6,17,not,2020-10-29 20:05:42,2
53861,6.5,13.25,2,6,18,not,2020-10-29 20:07:40,2
53861,6.5,13.25,2,6,19,not,2020-10-29 20:09:10,2
53861,6.5,13.25,2,6,20,not,2020-10-29 20:11:23,2
54277,6,14.5,3,1,2,randomly,2020-10-29 19:35:34,3
54277,6,14,3,4,3,randomly,2020-10-29 19:37:37,3
54277,6,16.5,3,4,4,randomly,2020-10-29 19:39:24,3
54277,7,10,3,4,5,randomly,2020-10-29 19:41:36,3
54277,6,10.5,3,3,6,randomly,2020-10-29 19:43:38,3
54277,7,12.5,3,2,7,randomly,2020-10-29 19:45:28,3
54277,6,7.5,3,2,8,randomly,2020-10-29 19:47:16,3
54277,5,8,3,0,9,randomly,2020-10-29 19:49:33,3
54277,1,14.5,3,0,10,randomly,2020-10-29 19:51:16,3
54277,4,9,2,4,11,randomly,2020-10-29 19:53:33,2
54277,2,16.5,3,4,12,randomly,2020-10-29 19:55:25,3
54277,4,11.75,3,4,13,randomly,2020-10-29 19:57:21,3
54277,6,8.5,3,1,14,randomly,2020-10-29 19:59:20,3
54277,5,8,3,0,15,randomly,2020-10-29 20:01:15,3
54277,4,12,3,1,16,randomly,2020-10-29 20:03:41,3
54277,4,14,3,3,17,randomly,2020-10-29 20:05:17,3
54277,4,11,3,1,18,randomly,2020-10-29 20:07:17,3
54277,4,14,3,1,19,randomly,2020-10-29 20:09:38,3
54277,3,15,3,0,20,randomly,2020-10-29 20:11:26,3
59635,6,14,3,3,2,assortatively,2020-10-29 19:35:56,3
59635,6,16,3,3,3,assortatively,2020-10-29 19:37:44,3
59635,6,16.5,3,3,4,assortatively,2020-10-29 19:39:55,3
59635,6,14,3,2,5,assortatively,2020-10-29 19:41:52,3
59635,6,12.25,2,1,6,assortatively,2020-10-29 19:44:14,2
59635,6,13.5,3,3,7,assortatively,2020-10-29 19:45:37,3
59635,6,12.5,3,3,8,assortatively,2020-10-29 19:47:44,3
59635,6,14,3,3,9,assortatively,2020-10-29 19:49:09,3
59635,6,15,3,2,10,assortatively,2020-10-29 19:51:23,3
59635,6,12.5,3,2,11,assortatively,2020-10-29 19:54:04,3
59635,6,12,3,2,12,assortatively,2020-10-29 19:55:12,3
59635,6,13.5,3,3,13,assortatively,2020-10-29 19:57:20,3
59635,6,13.5,3,2,14,assortatively,2020-10-29 19:59:36,3
59635,6,13.5,3,2,15,assortatively,2020-10-29 20:02:15,3
59635,6,15.5,3,3,16,assortatively,2020-10-29 20:03:46,3
59635,6,13.5,3,3,17,assortatively,2020-10-29 20:05:09,3
59635,6,14,3,3,18,assortatively,2020-10-29 20:07:37,3
59635,6,12.5,3,3,19,assortatively,2020-10-29 20:09:15,3
59635,6,13.5,3,3,20,assortatively,2020-10-29 20:12:41,3
64650,8,14,3,7,2,assortatively,2020-10-29 19:35:45,3
64650,8,13.5,3,5,3,assortatively,2020-10-29 19:38:02,3
64650,7,12.25,3,5,4,assortatively,2020-10-29 19:39:45,3
64650,7,13.75,3,4,5,assortatively,2020-10-29 19:41:35,3
64650,8,14.5,3,5,6,assortatively,2020-10-29 19:43:38,3
64650,8,14.5,3,5,7,assortatively,2020-10-29 19:45:34,3
64650,7,14,3,4,8,assortatively,2020-10-29 19:47:32,3
64650,7,13,3,3,9,assortatively,2020-10-29 19:49:33,3
64650,8,13.5,3,4,10,assortatively,2020-10-29 19:51:31,3
64650,6,14,3,4,11,assortatively,2020-10-29 19:53:25,3
64650,6,13,3,3,12,assortatively,2020-10-29 19:55:26,3
64650,9,11,3,2,13,assortatively,2020-10-29 19:57:22,3
64650,4,16.5,2,6,14,assortatively,2020-10-29 19:59:28,2
64650,6,12,3,1,15,assortatively,2020-10-29 20:01:22,3
64650,4,12.5,3,2,16,assortatively,2020-10-29 20:03:27,3
64650,7,12.5,3,1,17,assortatively,2020-10-29 20:05:22,3
64650,6,14,3,3,18,assortatively,2020-10-29 20:07:18,3
64650,6,12.5,3,3,19,assortatively,2020-10-29 20:09:14,3
64650,5,14.5,3,3,20,assortatively,2020-10-29 20:11:19,3
72989,3,15.5,3,7,2,not,2020-10-29 19:35:25,3
72989,4,15.5,3,7,3,not,2020-10-29 19:38:11,3
72989,5,13.5,3,7,4,not,2020-10-29 19:39:21,3
72989,7,11.5,3,7,5,not,2020-10-29 19:43:03,3
72989,6,NA,NA,7,6,not,2020-10-29 19:43:15,3
76916,3,12.5,3,1,2,assortatively,2020-10-29 19:35:26,3
76916,1,12,2,0,3,assortatively,2020-10-29 19:37:16,2
76916,9,8.5,3,0,4,assortatively,2020-10-29 19:39:51,3
76916,3,16,3,5,5,assortatively,2020-10-29 19:41:29,3
76916,3,12.5,3,0,6,assortatively,2020-10-29 19:43:36,3
76916,1,12.5,3,0,7,assortatively,2020-10-29 19:45:32,3
76916,4,14,3,0,8,assortatively,2020-10-29 19:47:37,3
76916,6,13.5,3,0,9,assortatively,2020-10-29 19:49:26,3
76916,6,15,3,2,10,assortatively,2020-10-29 19:51:27,3
76916,5,13.5,3,2,11,assortatively,2020-10-29 19:53:21,3
76916,4,13,3,1,12,assortatively,2020-10-29 19:55:18,3
76916,8,11,3,1,13,assortatively,2020-10-29 19:57:21,3
76916,2,16,3,4,14,assortatively,2020-10-29 19:59:32,3
76916,3,12,3,0,15,assortatively,2020-10-29 20:01:19,3
76916,7,9.5,3,0,16,assortatively,2020-10-29 20:03:18,3
76916,5,14,3,4,17,assortatively,2020-10-29 20:05:24,3
76916,1,15,3,2,18,assortatively,2020-10-29 20:07:17,3
76916,4,9.5,3,0,19,assortatively,2020-10-29 20:09:33,3
76916,4,10.5,3,1,20,assortatively,2020-10-29 20:11:29,3
77670,8,10.5,3,7,2,not,2020-10-29 19:35:14,3
77670,8,11.5,3,7,3,not,2020-10-29 19:37:38,3
77670,6,12.5,3,7,4,not,2020-10-29 19:39:24,3
77670,4,14.5,3,7,5,not,2020-10-29 19:41:38,3
77670,5,13.5,3,7,6,not,2020-10-29 19:43:33,3
77670,4,13.5,2,7,7,not,2020-10-29 19:45:21,2
77670,4,12.75,2,7,8,not,2020-10-29 19:47:16,2
77670,4,12.75,2,7,9,not,2020-10-29 19:49:23,2
77670,4,12.75,2,7,10,not,2020-10-29 19:51:28,2
77670,4,12.375,2,7,11,not,2020-10-29 19:53:11,2
77670,4,12.375,2,7,12,not,2020-10-29 19:55:26,2
77670,4,12,2,7,13,not,2020-10-29 19:57:10,2
77670,5,13.25,2,7,14,not,2020-10-29 19:59:19,2
77670,5,13.25,2,7,15,not,2020-10-29 20:01:16,2
77670,6,12.25,2,7,16,not,2020-10-29 20:03:13,2
77670,4,12.75,2,7,17,not,2020-10-29 20:05:13,2
77670,4,13.5,2,7,18,not,2020-10-29 20:07:11,2
77670,3,13.375,2,7,19,not,2020-10-29 20:09:21,2
77670,2,13.25,2,7,20,not,2020-10-29 20:11:11,2
78539,6,14,3,3,2,assortatively,2020-10-29 19:35:35,3
78539,7,12.5,3,2,3,assortatively,2020-10-29 19:37:43,3
78539,6,14.5,3,4,4,assortatively,2020-10-29 19:39:38,3
78539,7,13,3,2,5,assortatively,2020-10-29 19:41:49,3
78539,7,13.5,3,4,6,assortatively,2020-10-29 19:43:22,3
78539,7,12.5,3,3,7,assortatively,2020-10-29 19:45:30,3
78539,7,14,3,4,8,assortatively,2020-10-29 19:47:24,3
78539,7,13,3,3,9,assortatively,2020-10-29 19:49:38,3
78539,7,14.5,3,4,10,assortatively,2020-10-29 19:51:12,3
78539,7,13,3,4,11,assortatively,2020-10-29 19:53:18,3
78539,7,14,3,4,12,assortatively,2020-10-29 19:55:13,3
78539,7,14,3,4,13,assortatively,2020-10-29 19:57:21,3
78539,7,12,3,3,14,assortatively,2020-10-29 19:59:28,3
78539,7,12,3,4,15,assortatively,2020-10-29 20:01:20,3
78539,7,14.5,3,3,16,assortatively,2020-10-29 20:03:22,3
78539,8,11.5,3,3,17,assortatively,2020-10-29 20:05:42,3
78539,7,15,3,5,18,assortatively,2020-10-29 20:07:16,3
78539,7,13.5,3,4,19,assortatively,2020-10-29 20:09:20,3
78539,7,12.5,3,5,20,assortatively,2020-10-29 20:11:56,3
82346,8,14,2,4,2,assortatively,2020-10-29 19:35:44,2
82346,8,11,3,4,3,assortatively,2020-10-29 19:37:37,3
82346,5,14.25,3,5,4,assortatively,2020-10-29 19:39:35,3
82346,6,NA,NA,1,5,assortatively,2020-10-29 19:41:50,3
84973,6,12.5,3,7,2,not,2020-10-29 19:35:54,3
84973,7,12.5,3,7,3,not,2020-10-29 19:37:49,3
84973,6,12.5,3,7,4,not,2020-10-29 19:40:16,3
84973,6,12.5,3,7,5,not,2020-10-29 19:42:28,3
84973,6,12.5,3,7,6,not,2020-10-29 19:43:42,3
84973,6,11.5,2,7,7,not,2020-10-29 19:45:10,2
84973,5,11.75,2,7,8,not,2020-10-29 19:47:57,2
84973,5,11.75,2,7,9,not,2020-10-29 19:49:34,2
84973,5,11.75,2,7,10,not,2020-10-29 19:52:02,2
84973,4.5,11.875,2,7,11,not,2020-10-29 19:53:25,2
84973,4.5,11.875,2,7,12,not,2020-10-29 19:56:09,2
84973,4,12,2,7,13,not,2020-10-29 19:58:23,2
84973,6,12.25,2,7,14,not,2020-10-29 19:59:31,2
84973,6,12.25,2,7,15,not,2020-10-29 20:01:15,2
84973,5,13.25,2,7,16,not,2020-10-29 20:03:25,2
84973,5,11.75,2,7,17,not,2020-10-29 20:05:34,2
84973,6,11.5,2,7,18,not,2020-10-29 20:08:17,2
84973,5.5,10.875,2,7,19,not,2020-10-29 20:09:54,2
84973,5,10.25,2,7,20,not,2020-10-29 20:11:16,2
90041,6,15.5,3,8,2,not,2020-10-29 19:35:28,3
90041,6,15,3,8,3,not,2020-10-29 19:37:31,3
90041,6,13.5,3,8,4,not,2020-10-29 19:39:33,3
90041,6,13,3,8,5,not,2020-10-29 19:41:35,3
90041,6,12.5,3,8,6,not,2020-10-29 19:43:35,3
90041,5,12,3,8,7,not,2020-10-29 19:45:20,3
90041,3,11.5,3,8,8,not,2020-10-29 19:47:16,3
90041,1,10.5,3,8,9,not,2020-10-29 19:49:35,3
90041,1,11.5,3,8,10,not,2020-10-29 19:51:43,3
90041,1,10.5,3,8,11,not,2020-10-29 19:53:24,3
90041,1,10.5,3,8,12,not,2020-10-29 19:55:16,3
90041,1,10.5,3,8,13,not,2020-10-29 19:57:16,3
90041,1,11,3,8,14,not,2020-10-29 19:59:22,3
90041,1,10.5,3,8,15,not,2020-10-29 20:01:22,3
90041,1,10.5,3,8,16,not,2020-10-29 20:03:21,3
90041,1,10.5,3,8,17,not,2020-10-29 20:05:17,3
90041,1,10.5,3,8,18,not,2020-10-29 20:07:23,3
90041,1,10.5,3,8,19,not,2020-10-29 20:09:10,3
90041,1,10.5,3,8,20,not,2020-10-29 20:11:11,3
95375,0.5,14.25,3,0,2,randomly,2020-10-29 19:35:27,3
95375,8,15.25,3,3,3,randomly,2020-10-29 19:37:48,3
95375,9,13,3,0,4,randomly,2020-10-29 19:39:27,3
95375,9,10.5,3,2,5,randomly,2020-10-29 19:41:31,3
95375,10,11.5,3,1,6,randomly,2020-10-29 19:43:23,3
95375,10,12,3,4,7,randomly,2020-10-29 19:45:19,3
95375,9,12.5,3,4,8,randomly,2020-10-29 19:47:24,3
95375,9,13,3,4,9,randomly,2020-10-29 19:49:40,3
95375,9,10.5,3,2,10,randomly,2020-10-29 19:51:38,3
95375,10,8,3,1,11,randomly,2020-10-29 19:53:21,3
95375,10,8.5,3,4,12,randomly,2020-10-29 19:55:52,3
95375,8,9,3,1,13,randomly,2020-10-29 19:57:23,3
95375,9,11.25,3,0,14,randomly,2020-10-29 19:59:26,3
95375,9,11,3,3,15,randomly,2020-10-29 20:01:23,3
95375,8,8,3,1,16,randomly,2020-10-29 20:03:19,3
95375,5,7.5,3,1,17,randomly,2020-10-29 20:05:21,3
95375,9,9.5,3,3,18,randomly,2020-10-29 20:07:18,3
95375,8,6,3,3,19,randomly,2020-10-29 20:09:18,3
95375,8,14,3,4,20,randomly,2020-10-29 20:11:14,3
96187,10,13,3,3,2,randomly,2020-10-29 19:35:24,3
96187,9,12.5,3,0,3,randomly,2020-10-29 19:38:37,3
96187,8,9.5,3,2,4,randomly,2020-10-29 19:40:44,3
96187,7,13,3,3,5,randomly,2020-10-29 19:41:29,3
96187,8,13.5,3,1,6,randomly,2020-10-29 19:43:49,3
96187,10,5.5,3,0,7,randomly,2020-10-29 19:45:47,3
96187,5,16.5,3,4,8,randomly,2020-10-29 19:47:22,3
96187,5,13.5,3,2,9,randomly,2020-10-29 19:49:25,3
96187,6,14,3,4,10,randomly,2020-10-29 19:51:27,3
96187,7,13.5,3,2,11,randomly,2020-10-29 19:53:36,3
96187,6,14,3,1,12,randomly,2020-10-29 19:55:30,3
96187,6,11,3,0,13,randomly,2020-10-29 19:57:38,3
96187,6,14.25,3,0,14,randomly,2020-10-29 19:59:47,3
96187,6,14,3,3,15,randomly,2020-10-29 20:01:24,3
96187,5,11.5,3,4,16,randomly,2020-10-29 20:03:41,3
96187,4,9.5,3,0,17,randomly,2020-10-29 20:05:25,3
96187,0,18.5,3,3,18,randomly,2020-10-29 20:07:34,3
96187,0,14,3,3,19,randomly,2020-10-29 20:09:37,3
96187,0,10,3,1,20,randomly,2020-10-29 20:11:18,3
96471,7,14.5,3,5,2,assortatively,2020-10-29 19:35:44,3
96471,5,14,3,4,3,assortatively,2020-10-29 19:37:32,3
96471,5,12,3,1,4,assortatively,2020-10-29 19:39:25,3
96471,6,13,3,1,5,assortatively,2020-10-29 19:41:54,3
96471,6,13,2,2,6,assortatively,2020-10-29 19:43:18,2
96471,6,12,3,1,7,assortatively,2020-10-29 19:45:18,3
96471,5,13.5,3,2,8,assortatively,2020-10-29 19:47:13,3
96471,5,14,3,1,9,assortatively,2020-10-29 19:49:20,3
96471,5,12.5,3,1,10,assortatively,2020-10-29 19:51:22,3
96471,6,12,3,1,11,assortatively,2020-10-29 19:54:17,3
96471,5,13,3,2,12,assortatively,2020-10-29 19:55:21,3
96471,5,14,3,1,13,assortatively,2020-10-29 19:57:36,3
96471,5,12,3,1,14,assortatively,2020-10-29 19:59:23,3
96471,3,15,3,1,15,assortatively,2020-10-29 20:01:32,3
96471,3,13.5,3,0,16,assortatively,2020-10-29 20:03:37,3
96471,3,11,3,0,17,assortatively,2020-10-29 20:05:23,3
96471,6,12,3,0,18,assortatively,2020-10-29 20:07:41,3
96471,2,15.5,3,2,19,assortatively,2020-10-29 20:09:34,3
96471,2,14,3,0,20,assortatively,2020-10-29 20:11:35,3
98039,9,12.5,3,8,2,not,2020-10-29 19:36:11,3
98039,8,13,3,8,3,not,2020-10-29 19:37:38,3
98039,6,13.5,3,8,4,not,2020-10-29 19:39:21,3
98039,6,13,3,8,5,not,2020-10-29 19:41:13,3
98039,6,12.5,3,8,6,not,2020-10-29 19:43:23,3
98039,5,12,3,8,7,not,2020-10-29 19:45:28,3
98039,4,10.5,3,8,8,not,2020-10-29 19:47:25,3
98039,1,10.5,3,8,9,not,2020-10-29 19:49:35,3
98039,1,11.5,3,8,10,not,2020-10-29 19:51:13,3
98039,1,10.5,3,8,11,not,2020-10-29 19:53:21,3
98039,1,10.5,3,8,12,not,2020-10-29 19:55:17,3
98039,1,10.5,3,8,13,not,2020-10-29 19:57:26,3
98039,1,11,3,8,14,not,2020-10-29 19:59:25,3
98039,1,10.5,3,8,15,not,2020-10-29 20:01:18,3
98039,1,10.5,3,8,16,not,2020-10-29 20:03:20,3
98039,1,10.5,3,8,17,not,2020-10-29 20:05:21,3
98039,1,10.5,3,8,18,not,2020-10-29 20:07:18,3
98039,1,10.5,3,8,19,not,2020-10-29 20:09:10,3
98039,1,10.5,3,8,20,not,2020-10-29 20:11:12,3
99423,8,13.5,3,8,2,not,2020-10-29 19:35:40,3
99423,8,13,3,8,3,not,2020-10-29 19:37:31,3
99423,7,12.5,3,8,4,not,2020-10-29 19:39:34,3
99423,6,13,3,8,5,not,2020-10-29 19:41:43,3
99423,5,13.5,3,8,6,not,2020-10-29 19:43:36,3
99423,4,13,3,8,7,not,2020-10-29 19:45:31,3
99423,2,12.5,3,8,8,not,2020-10-29 19:47:23,3
99423,1,10.5,3,8,9,not,2020-10-29 19:49:20,3
99423,3,9.5,3,8,10,not,2020-10-29 19:51:22,3
99423,1,10.5,3,8,11,not,2020-10-29 19:53:34,3
99423,1,10.5,3,8,12,not,2020-10-29 19:55:33,3
99423,1,10.5,3,8,13,not,2020-10-29 19:57:33,3
99423,2,10,3,8,14,not,2020-10-29 19:59:18,3
99423,1,10.5,3,8,15,not,2020-10-29 20:01:32,3
99423,1,10.5,3,8,16,not,2020-10-29 20:03:29,3
99423,1,10.5,3,8,17,not,2020-10-29 20:05:22,3
99423,1,10.5,3,8,18,not,2020-10-29 20:07:13,3
99423,1,10.5,3,8,19,not,2020-10-29 20:09:20,3
99423,1,10.5,3,8,20,not,2020-10-29 20:11:11,3
