oneid,choice,ave_other,profit,size,whichgroup,round,rematching,time,actual_size
1305,10,4.5,9.5,3,0,2,assortatively,2021-03-05T11:35:52Z,3
1305,5,8.5,16,3,6,3,assortatively,2021-03-05T11:38:32Z,3
1305,5,3.5,11,3,1,4,assortatively,2021-03-05T11:40:22Z,3
1305,1,4.5,14,3,1,5,assortatively,2021-03-05T11:41:26Z,3
1305,0,7,17,3,0,6,assortatively,2021-03-05T11:43:19Z,3
1305,9,2,7.5,3,0,7,assortatively,2021-03-05T11:46:13Z,3
1305,1,9.5,19,3,6,8,assortatively,2021-03-05T11:47:47Z,3
1305,10,1.5,6.5,3,1,9,assortatively,2021-03-05T11:49:29Z,3
1305,1,10,19.5,3,6,10,assortatively,2021-03-05T11:51:33Z,3
1305,1,1.5,11,3,1,11,assortatively,2021-03-05T11:54:20Z,3
1305,1,5,14.5,3,0,14,assortatively,2021-03-05T12:00:50Z,3
1305,0,0.5,10.5,3,1,15,assortatively,2021-03-05T12:02:00Z,3
1305,1,0,9.5,3,0,16,assortatively,2021-03-05T12:03:34Z,3
1305,1,2,11.5,3,2,17,assortatively,2021-03-05T12:05:56Z,3
1305,1,1.5,11,3,2,18,assortatively,2021-03-05T12:09:13Z,3
1305,1,2,11.5,3,1,19,assortatively,2021-03-05T12:09:24Z,3
1305,1,1,10.5,3,1,20,assortatively,2021-03-05T12:12:13Z,3
5925,7,6.5,13,3,3,2,assortatively,2021-03-05T11:35:20Z,3
5925,7,7,13.5,3,3,3,assortatively,2021-03-05T11:37:19Z,3
5925,7,5.5,12,3,3,4,assortatively,2021-03-05T11:39:34Z,3
5925,7,7.5,14,3,3,5,assortatively,2021-03-05T11:41:16Z,3
5925,7,6.5,13,3,4,6,assortatively,2021-03-05T11:43:27Z,3
5925,7,7,13.5,3,4,7,assortatively,2021-03-05T11:45:17Z,3
5925,7,7,13.5,3,4,8,assortatively,2021-03-05T11:47:17Z,3
5925,7,7,13.5,3,5,9,assortatively,2021-03-05T11:49:23Z,3
5925,7,6.5,13,3,4,10,assortatively,2021-03-05T11:51:27Z,3
5925,7,8,14.5,3,4,11,assortatively,2021-03-05T11:53:20Z,3
5925,7,6,12.5,3,4,12,assortatively,2021-03-05T11:55:21Z,3
5925,7,6,12.5,3,4,13,assortatively,2021-03-05T11:57:26Z,3
5925,7,10,16.5,3,5,14,assortatively,2021-03-05T11:59:24Z,3
5925,7,8.5,15,3,4,15,assortatively,2021-03-05T12:01:27Z,3
5925,7,6.5,13,3,4,16,assortatively,2021-03-05T12:03:25Z,3
5925,7,6,12.5,3,4,17,assortatively,2021-03-05T12:05:18Z,3
5925,7,10,16.5,3,5,18,assortatively,2021-03-05T12:07:20Z,3
5925,7,8.5,15,3,4,19,assortatively,2021-03-05T12:09:26Z,3
5925,7,5,11.5,3,4,20,assortatively,2021-03-05T12:11:35Z,3
6490,5,6,13.5,3,6,2,randomly,2021-03-05T11:35:23Z,3
6490,6,4,11,3,2,3,randomly,2021-03-05T11:37:20Z,3
6490,7,7,13.5,3,3,4,randomly,2021-03-05T11:39:20Z,3
6490,3,0,8.5,3,6,5,randomly,2021-03-05T11:41:24Z,3
6490,9,8,13.5,3,0,6,randomly,2021-03-05T11:43:18Z,3
6490,4,1,9,3,4,7,randomly,2021-03-05T11:45:18Z,3
6490,8,5.5,11.5,3,5,8,randomly,2021-03-05T11:47:17Z,3
6490,1,4.5,14,3,6,9,randomly,2021-03-05T11:49:19Z,3
6490,10,2,7,3,3,10,randomly,2021-03-05T11:51:28Z,3
6490,6,3.5,10.5,3,0,11,randomly,2021-03-05T11:53:20Z,3
6490,1,5,14.5,3,6,12,randomly,2021-03-05T11:55:24Z,3
6490,3,5,13.5,3,4,13,randomly,2021-03-05T11:57:22Z,3
6490,8,5,11,3,4,14,randomly,2021-03-05T11:59:32Z,3
6490,2,3.5,12.5,3,3,15,randomly,2021-03-05T12:01:25Z,3
6490,7,2.5,9,3,5,16,randomly,2021-03-05T12:03:26Z,3
6490,9,6,11.5,3,1,17,randomly,2021-03-05T12:05:18Z,3
6490,1,5.5,15,3,1,18,randomly,2021-03-05T12:07:21Z,3
6490,5,7.5,15,3,3,19,randomly,2021-03-05T12:09:31Z,3
6490,7,4,10.5,3,2,20,randomly,2021-03-05T12:11:43Z,3
6685,4,3.5,11.5,3,3,2,randomly,2021-03-05T11:35:27Z,3
6685,4,4,12,3,3,3,randomly,2021-03-05T11:37:24Z,3
6685,4,3,11,3,5,4,randomly,2021-03-05T11:39:19Z,3
6685,4,5,13,3,1,5,randomly,2021-03-05T11:41:21Z,3
6685,4,2,10,3,6,6,randomly,2021-03-05T11:43:21Z,3
6685,4,3,11,3,5,7,randomly,2021-03-05T11:45:24Z,3
6685,4,5,13,3,0,8,randomly,2021-03-05T11:47:39Z,3
6685,4,5,13,3,2,9,randomly,2021-03-05T11:49:19Z,3
6685,4,4.5,12.5,3,2,10,randomly,2021-03-05T11:51:21Z,3
6685,4,3.5,11.5,3,2,11,randomly,2021-03-05T11:54:07Z,3
6685,4,3.5,11.5,3,6,12,randomly,2021-03-05T11:55:21Z,3
6685,4,3.5,11.5,3,0,13,randomly,2021-03-05T11:57:17Z,3
6685,4,1,9,3,5,14,randomly,2021-03-05T11:59:18Z,3
6685,4,4.5,12.5,3,6,15,randomly,2021-03-05T12:01:19Z,3
6685,4,3,11,3,0,16,randomly,2021-03-05T12:03:20Z,3
6685,4,4.5,12.5,3,5,17,randomly,2021-03-05T12:05:27Z,3
6685,4,0.5,8.5,3,5,18,randomly,2021-03-05T12:07:23Z,3
6685,4,4,12,3,6,19,randomly,2021-03-05T12:09:19Z,3
6685,4,7,15,3,0,20,randomly,2021-03-05T12:11:19Z,3
8454,4,8,16,3,2,2,assortatively,2021-03-05T11:35:33Z,3
8454,4,3.5,11.5,3,0,3,assortatively,2021-03-05T11:37:38Z,3
8454,2,5,14,3,1,4,assortatively,2021-03-05T11:39:39Z,3
8454,4,1.5,9.5,3,0,5,assortatively,2021-03-05T11:41:24Z,3
8454,1,4.5,14,3,2,6,assortatively,2021-03-05T11:43:29Z,3
8454,2,5.5,14.5,3,0,7,assortatively,2021-03-05T11:45:28Z,3
8454,5,1,8.5,3,1,8,assortatively,2021-03-05T11:47:42Z,3
8454,1,7.5,17,3,4,9,assortatively,2021-03-05T11:49:27Z,3
8454,1,1,10.5,3,2,10,assortatively,2021-03-05T11:51:23Z,3
8454,0,1,11,3,0,12,assortatively,2021-03-05T11:55:34Z,3
8454,2,0.5,9.5,3,1,13,assortatively,2021-03-05T11:57:23Z,3
8454,0,3.5,13.5,3,2,14,assortatively,2021-03-05T11:59:24Z,3
8454,0,0.5,10.5,3,1,15,assortatively,2021-03-05T12:01:32Z,3
8454,0,4.5,14.5,3,1,16,assortatively,2021-03-05T12:03:26Z,3
8454,0,0.5,10.5,3,1,17,assortatively,2021-03-05T12:05:39Z,3
8454,0,0,10,3,1,18,assortatively,2021-03-05T12:07:23Z,3
8454,1,0.5,10,3,0,19,assortatively,2021-03-05T12:09:22Z,3
8454,0,0.5,10.5,3,2,20,assortatively,2021-03-05T12:11:43Z,3
9535,9,5.5,11,3,2,2,assortatively,2021-03-05T11:35:20Z,3
9535,7,9.5,16,3,5,3,assortatively,2021-03-05T11:37:46Z,3
9535,9,6,11.5,3,4,4,assortatively,2021-03-05T11:39:36Z,3
9535,9,5,10.5,3,6,5,assortatively,2021-03-05T11:41:45Z,3
9535,8,8,14,3,5,6,assortatively,2021-03-05T11:43:35Z,3
9535,8,6.5,12.5,3,4,7,assortatively,2021-03-05T11:45:46Z,3
9535,9,6,11.5,3,4,8,assortatively,2021-03-05T11:47:31Z,3
9535,9,10,15.5,3,6,9,assortatively,2021-03-05T11:49:33Z,3
9535,10,9,14,3,5,10,assortatively,2021-03-05T11:51:31Z,3
9535,10,7.5,12.5,3,5,11,assortatively,2021-03-05T11:53:26Z,3
9535,10,10,15,3,6,12,assortatively,2021-03-05T11:55:33Z,3
9535,10,5.5,10.5,3,5,13,assortatively,2021-03-05T11:57:31Z,3
9535,10,5,10,3,5,15,assortatively,2021-03-05T12:01:29Z,3
9535,10,9,14,3,5,16,assortatively,2021-03-05T12:03:35Z,3
9535,10,5,10,3,5,17,assortatively,2021-03-05T12:05:21Z,3
9535,10,8.5,13.5,3,5,18,assortatively,2021-03-05T12:07:20Z,3
9535,10,5,10,3,5,19,assortatively,2021-03-05T12:09:31Z,3
9535,10,7.5,12.5,3,5,20,assortatively,2021-03-05T12:11:23Z,3
10403,8,3.5,9.5,3,0,2,not,2021-03-05T11:35:22Z,3
10403,8,3,9,3,0,3,not,2021-03-05T11:37:40Z,3
13310,1,4,13.5,3,2,2,randomly,2021-03-05T11:35:42Z,3
13310,1,5.5,15,3,3,3,randomly,2021-03-05T11:38:07Z,3
13310,1,4.5,14,3,5,4,randomly,2021-03-05T11:40:08Z,3
13310,1,5.5,15,3,5,5,randomly,2021-03-05T11:43:00Z,3
13310,1,3.5,13,3,6,6,randomly,2021-03-05T11:44:39Z,3
13310,1,4,13.5,3,6,7,randomly,2021-03-05T11:45:49Z,3
13310,1,1.5,11,3,3,8,randomly,2021-03-05T11:47:50Z,3
13310,1,4.5,14,3,6,9,randomly,2021-03-05T11:49:51Z,3
13310,1,6.5,16,3,3,10,randomly,2021-03-05T11:51:45Z,3
13310,1,6,15.5,3,0,11,randomly,2021-03-05T11:54:04Z,3
13310,1,7,16.5,3,3,12,randomly,2021-03-05T11:56:17Z,3
13310,1,10,19.5,3,1,13,randomly,2021-03-05T11:58:35Z,3
13310,1,2.5,12,3,5,14,randomly,2021-03-05T11:59:38Z,3
13310,1,8,17.5,3,5,15,randomly,2021-03-05T12:01:31Z,3
13310,1,5.5,15,3,4,16,randomly,2021-03-05T12:03:25Z,3
13310,1,1.5,11,3,2,17,randomly,2021-03-05T12:06:01Z,3
13310,1,5,14.5,3,4,18,randomly,2021-03-05T12:07:52Z,3
13310,1,4.5,14,3,5,19,randomly,2021-03-05T12:09:34Z,3
13310,1,0,9.5,3,4,20,randomly,2021-03-05T12:12:11Z,3
13956,5,5,12.5,3,0,2,not,2021-03-05T11:35:51Z,3
13956,4,5,13,3,0,3,not,2021-03-05T11:37:52Z,3
15365,10,9.5,14.5,3,6,2,assortatively,2021-03-05T11:35:45Z,3
15365,9,8.5,14,3,5,3,assortatively,2021-03-05T11:37:42Z,3
15365,7,6.5,13,3,5,4,assortatively,2021-03-05T11:39:41Z,3
15365,6,4.5,11.5,3,3,6,assortatively,2021-03-05T11:43:29Z,3
15365,2,6.5,15.5,3,3,7,assortatively,2021-03-05T11:45:32Z,3
15365,2,2.5,11.5,3,1,8,assortatively,2021-03-05T11:47:27Z,3
15365,0,1.5,11.5,3,2,9,assortatively,2021-03-05T11:49:25Z,3
15365,0,0,10,3,0,10,assortatively,2021-03-05T11:51:19Z,3
15365,0,2,12,3,1,11,assortatively,2021-03-05T11:53:50Z,3
15365,1,0.5,10,3,0,12,assortatively,2021-03-05T11:55:29Z,3
15365,0,1.5,11.5,3,1,13,assortatively,2021-03-05T11:57:23Z,3
15365,0,5.5,15.5,3,0,14,assortatively,2021-03-05T11:59:18Z,3
15365,1,2,11.5,3,0,15,assortatively,2021-03-05T12:01:28Z,3
15365,0,0,10,3,2,16,assortatively,2021-03-05T12:03:32Z,3
15365,0,0,10,3,0,17,assortatively,2021-03-05T12:05:23Z,3
15365,0,0,10,3,1,18,assortatively,2021-03-05T12:07:21Z,3
15365,0,1,11,3,0,19,assortatively,2021-03-05T12:09:23Z,3
15365,0,1,11,3,0,20,assortatively,2021-03-05T12:11:22Z,3
16746,10,8,13,3,5,2,assortatively,2021-03-05T11:35:30Z,3
16746,7,7.5,14,3,6,3,assortatively,2021-03-05T11:37:29Z,3
16746,5,8,15.5,3,4,4,assortatively,2021-03-05T11:39:28Z,3
16746,6,3.5,10.5,3,2,5,assortatively,2021-03-05T11:41:42Z,3
16746,2,6.5,15.5,3,3,6,assortatively,2021-03-05T11:43:28Z,3
16746,2,2,11,3,1,7,assortatively,2021-03-05T11:45:28Z,3
16746,0,3.5,13.5,3,1,8,assortatively,2021-03-05T11:47:21Z,3
16746,0,0.5,10.5,3,0,9,assortatively,2021-03-05T11:49:18Z,3
16746,0,0,10,3,0,10,assortatively,2021-03-05T11:51:48Z,3
16746,2,2,11,3,0,11,assortatively,2021-03-05T11:53:47Z,3
16746,0,3,13,3,2,12,assortatively,2021-03-05T11:55:22Z,3
16746,2,2.5,11.5,3,0,13,assortatively,2021-03-05T11:57:54Z,3
16746,1,0.5,10,3,1,14,assortatively,2021-03-05T11:59:56Z,3
16746,0,2,12,3,2,15,assortatively,2021-03-05T12:01:41Z,3
16746,0,0.5,10.5,3,0,16,assortatively,2021-03-05T12:03:47Z,3
16746,0,0,10,3,0,17,assortatively,2021-03-05T12:05:17Z,3
16746,0,5,15,3,0,18,assortatively,2021-03-05T12:07:24Z,3
16746,1,0.5,10,3,0,19,assortatively,2021-03-05T12:09:23Z,3
16746,0,1.5,11.5,3,1,20,assortatively,2021-03-05T12:11:43Z,3
18159,2,6.5,15.5,3,0,2,not,2021-03-05T11:36:04Z,3
22347,4,7,15,3,0,2,randomly,2021-03-05T11:35:33Z,3
22347,4,5,13,3,2,3,randomly,2021-03-05T11:37:39Z,3
22347,3,4,12.5,3,1,4,randomly,2021-03-05T11:39:38Z,3
22347,4,4,12,3,5,5,randomly,2021-03-05T11:41:40Z,3
22347,2,5,14,3,2,6,randomly,2021-03-05T11:43:45Z,3
22347,3,5.5,14,3,1,7,randomly,2021-03-05T11:46:10Z,3
22347,1,5,14.5,3,1,8,randomly,2021-03-05T11:47:53Z,3
22347,2,8.5,17.5,3,4,9,randomly,2021-03-05T11:50:07Z,3
22347,3,6,14.5,3,0,10,randomly,2021-03-05T11:51:37Z,3
22347,2,6.5,15.5,3,4,11,randomly,2021-03-05T11:53:59Z,3
22347,4,0,8,3,2,12,randomly,2021-03-05T11:55:28Z,3
22347,2,4.5,13.5,3,0,13,randomly,2021-03-05T11:58:58Z,3
22347,1,2.5,12,3,5,14,randomly,2021-03-05T11:59:32Z,3
22347,2,5,14,3,0,15,randomly,2021-03-05T12:01:23Z,3
22347,4,2.5,10.5,3,6,16,randomly,2021-03-05T12:03:30Z,3
22347,1,1,10.5,3,3,17,randomly,2021-03-05T12:05:36Z,3
22347,4,5,13,3,6,18,randomly,2021-03-05T12:07:30Z,3
22347,1,2.5,12,3,1,19,randomly,2021-03-05T12:09:28Z,3
22347,0,0.5,10.5,3,4,20,randomly,2021-03-05T12:11:23Z,3
23548,6,6.5,13.5,3,1,2,randomly,2021-03-05T11:35:45Z,3
23548,7,4.5,11,3,4,3,randomly,2021-03-05T11:37:41Z,3
23548,5,2.5,10,3,5,4,randomly,2021-03-05T11:39:18Z,3
23548,5,4,11.5,3,3,5,randomly,2021-03-05T11:41:37Z,3
23548,8,8,14,3,3,6,randomly,2021-03-05T11:43:27Z,3
23548,8,8.5,14.5,3,3,7,randomly,2021-03-05T11:45:31Z,3
23548,6,5.5,12.5,3,2,8,randomly,2021-03-05T11:48:02Z,3
23548,3,6.5,15,3,5,9,randomly,2021-03-05T11:49:25Z,3
23548,6,4.5,11.5,3,0,10,randomly,2021-03-05T11:51:22Z,3
23548,8,0.5,6.5,3,6,11,randomly,2021-03-05T11:53:55Z,3
23548,8,2.5,8.5,3,4,12,randomly,2021-03-05T11:55:24Z,3
23548,5,4.5,12,3,5,13,randomly,2021-03-05T11:57:56Z,3
23548,3,8.5,17,3,6,14,randomly,2021-03-05T11:59:26Z,3
23548,4,2,10,3,2,15,randomly,2021-03-05T12:01:41Z,3
23548,5,7,14.5,3,1,16,randomly,2021-03-05T12:03:36Z,3
23548,8,6.5,12.5,3,1,17,randomly,2021-03-05T12:05:21Z,3
23548,7,2.5,9,3,1,18,randomly,2021-03-05T12:07:22Z,3
23548,7,2.5,9,3,2,19,randomly,2021-03-05T12:09:32Z,3
23548,8,5,11,3,5,20,randomly,2021-03-05T12:11:23Z,3
28233,6,3.5,10.5,3,1,2,assortatively,2021-03-05T11:36:01Z,3
28233,5,5.5,13,3,2,3,assortatively,2021-03-05T11:38:42Z,3
28233,5,3.5,11,3,1,4,assortatively,2021-03-05T11:40:31Z,3
28233,4,4.5,12.5,3,2,5,assortatively,2021-03-05T11:42:20Z,3
28233,4,2.5,10.5,3,1,6,assortatively,2021-03-05T11:43:52Z,3
28233,4,4,12,3,2,7,assortatively,2021-03-05T11:45:35Z,3
28233,4,2.5,10.5,3,2,8,assortatively,2021-03-05T11:47:38Z,3
28233,4,6,14,3,3,9,assortatively,2021-03-05T11:49:22Z,3
28233,4,1,9,3,2,12,assortatively,2021-03-05T11:55:28Z,3
28233,4,4.5,12.5,3,3,13,assortatively,2021-03-05T11:57:37Z,3
28233,4,1.5,9.5,3,2,14,assortatively,2021-03-05T11:59:25Z,3
28233,4,0,8,3,2,15,assortatively,2021-03-05T12:01:25Z,3
28233,4,6,14,3,3,16,assortatively,2021-03-05T12:03:36Z,3
28233,4,0.5,8.5,3,2,17,assortatively,2021-03-05T12:05:31Z,3
28233,4,6.5,14.5,3,3,18,assortatively,2021-03-05T12:07:28Z,3
28233,4,1,9,3,2,19,assortatively,2021-03-05T12:09:24Z,3
28233,4,6,14,3,3,20,assortatively,2021-03-05T12:11:26Z,3
30382,9,6,11.5,3,1,2,not,2021-03-05T11:35:22Z,3
30382,8,8,14,3,1,3,not,2021-03-05T11:37:47Z,3
30382,7,6.5,13,3,1,4,not,2021-03-05T11:39:59Z,3
30382,8,5.5,11.5,3,1,5,not,2021-03-05T11:41:29Z,3
30382,8,5,11,3,1,6,not,2021-03-05T11:43:29Z,3
30382,8,4.5,10.5,3,1,7,not,2021-03-05T11:45:29Z,3
30382,7,3.5,10,3,1,8,not,2021-03-05T11:48:01Z,3
30382,1,3,12.5,3,1,9,not,2021-03-05T11:49:48Z,3
30892,6,7.5,14.5,3,1,2,not,2021-03-05T11:36:00Z,3
30892,10,7,12,3,1,3,not,2021-03-05T11:37:28Z,3
30892,6,7,14,3,1,4,not,2021-03-05T11:39:55Z,3
30892,6,6.5,13.5,3,1,5,not,2021-03-05T11:41:47Z,3
30892,4,7,15,3,1,6,not,2021-03-05T11:43:31Z,3
30892,3,7,15.5,3,1,7,not,2021-03-05T11:45:38Z,3
30892,2,6,15,3,1,8,not,2021-03-05T11:47:28Z,3
31044,6,7.5,14.5,3,1,2,not,2021-03-05T11:35:51Z,3
31044,6,9,16,3,1,3,not,2021-03-05T11:37:48Z,3
31044,7,6.5,13,3,1,4,not,2021-03-05T11:39:34Z,3
31044,5,7,14.5,3,1,5,not,2021-03-05T11:41:30Z,3
31044,6,6,13,3,1,6,not,2021-03-05T11:43:34Z,3
31044,6,5.5,12.5,3,1,7,not,2021-03-05T11:45:58Z,3
31044,5,4.5,12,3,1,8,not,2021-03-05T11:47:28Z,3
31044,5,1,8.5,3,1,9,not,2021-03-05T11:49:32Z,3
32004,5,2,9.5,3,2,2,randomly,2021-03-05T11:35:29Z,3
32004,4,6,14,3,4,3,randomly,2021-03-05T11:37:39Z,3
32004,3,4,12.5,3,1,4,randomly,2021-03-05T11:39:27Z,3
32004,2,6,15,3,0,5,randomly,2021-03-05T11:41:30Z,3
32004,2,3.5,12.5,3,5,6,randomly,2021-03-05T11:43:27Z,3
32004,1,2.5,12,3,4,7,randomly,2021-03-05T11:45:33Z,3
32004,3,0.5,9,3,3,8,randomly,2021-03-05T11:47:32Z,3
32004,2,3,12,3,1,9,randomly,2021-03-05T11:49:31Z,3
32004,2,5.5,14.5,3,2,10,randomly,2021-03-05T11:51:27Z,3
32004,0,4.5,14.5,3,6,11,randomly,2021-03-05T11:53:23Z,3
32004,2,7.5,16.5,3,5,12,randomly,2021-03-05T11:55:24Z,3
32004,3,4,12.5,3,6,13,randomly,2021-03-05T11:57:24Z,3
32004,3,6.5,15,3,3,14,randomly,2021-03-05T11:59:23Z,3
32004,0,3,13,3,1,15,randomly,2021-03-05T12:01:23Z,3
32004,1,5.5,15,3,4,16,randomly,2021-03-05T12:03:22Z,3
32004,4,8.5,16.5,3,1,17,randomly,2021-03-05T12:05:26Z,3
32004,6,8.5,15.5,3,0,18,randomly,2021-03-05T12:07:26Z,3
32004,5,3.5,11,3,2,19,randomly,2021-03-05T12:09:23Z,3
32004,7,4,10.5,3,2,20,randomly,2021-03-05T12:11:29Z,3
32154,9,6.5,12,3,2,2,not,2021-03-05T11:35:21Z,3
32154,6,7.5,14.5,3,2,3,not,2021-03-05T11:38:05Z,3
32154,5,6,13.5,3,2,4,not,2021-03-05T11:39:40Z,3
32154,5,5.5,13,3,2,5,not,2021-03-05T11:41:38Z,3
32154,5,7,14.5,3,2,6,not,2021-03-05T11:43:18Z,3
32154,4,5.5,13.5,3,2,7,not,2021-03-05T11:45:25Z,3
32154,3,7,15.5,3,2,8,not,2021-03-05T11:47:18Z,3
32154,2,7,16,3,2,9,not,2021-03-05T11:49:22Z,3
32154,1,7.5,17,3,2,10,not,2021-03-05T11:51:20Z,3
32154,0,8,18,3,2,11,not,2021-03-05T11:53:33Z,3
32154,0,3,13,3,2,14,not,2021-03-05T11:59:22Z,3
32154,0,4,14,3,2,15,not,2021-03-05T12:01:49Z,3
32154,0,4.5,14.5,3,2,16,not,2021-03-05T12:03:18Z,3
32154,0,3,13,3,2,17,not,2021-03-05T12:05:24Z,3
32154,1,5,14.5,3,2,18,not,2021-03-05T12:07:21Z,3
32154,0,5.5,15.5,3,2,19,not,2021-03-05T12:09:20Z,3
32154,0,3,13,3,2,20,not,2021-03-05T12:11:19Z,3
33143,10,9.5,14.5,3,6,2,assortatively,2021-03-05T11:35:54Z,3
33143,10,6,11,3,6,3,assortatively,2021-03-05T11:38:21Z,3
33143,10,9,14,3,6,6,assortatively,2021-03-05T11:43:44Z,3
33143,10,5,10,3,6,7,assortatively,2021-03-05T11:46:12Z,3
33143,10,5,10,3,6,8,assortatively,2021-03-05T11:47:36Z,3
33143,10,9.5,14.5,3,6,9,assortatively,2021-03-05T11:49:34Z,3
33143,10,5.5,10.5,3,6,10,assortatively,2021-03-05T11:51:23Z,3
33143,10,7.5,12.5,3,5,11,assortatively,2021-03-05T11:53:32Z,3
33143,10,10,15,3,6,12,assortatively,2021-03-05T11:56:02Z,3
33143,10,8.5,13.5,3,5,14,assortatively,2021-03-05T11:59:31Z,3
33143,10,5,10,3,5,15,assortatively,2021-03-05T12:01:33Z,3
33143,10,5,10,3,5,17,assortatively,2021-03-05T12:05:23Z,3
33143,10,8.5,13.5,3,5,18,assortatively,2021-03-05T12:07:34Z,3
33143,10,5,10,3,5,19,assortatively,2021-03-05T12:09:30Z,3
34330,7,2,8.5,3,3,2,randomly,2021-03-05T11:35:36Z,3
34330,8,3.5,9.5,3,0,3,randomly,2021-03-05T11:37:37Z,3
34330,9,5.5,11,3,4,4,randomly,2021-03-05T11:39:30Z,3
34330,8,6.5,12.5,3,2,5,randomly,2021-03-05T11:41:29Z,3
34330,6,2.5,9.5,3,4,6,randomly,2021-03-05T11:43:20Z,3
34330,8,2.5,8.5,3,0,7,randomly,2021-03-05T11:45:24Z,3
34330,7,9.5,16,3,4,8,randomly,2021-03-05T11:47:26Z,3
34330,5,6,13.5,3,3,9,randomly,2021-03-05T11:49:27Z,3
34330,6,4.5,11.5,3,0,10,randomly,2021-03-05T11:51:31Z,3
34330,5,5,12.5,3,4,11,randomly,2021-03-05T11:53:26Z,3
34330,8,2.5,8.5,3,0,12,randomly,2021-03-05T11:55:21Z,3
34330,7,3.5,10,3,2,13,randomly,2021-03-05T11:57:20Z,3
34330,1,7,16.5,3,1,14,randomly,2021-03-05T11:59:30Z,3
34330,4,1,9,3,1,15,randomly,2021-03-05T12:01:24Z,3
34330,7,3,9.5,3,2,16,randomly,2021-03-05T12:03:23Z,3
34330,2,1,10,3,2,17,randomly,2021-03-05T12:05:25Z,3
34330,6,0,7,3,2,18,randomly,2021-03-05T12:07:23Z,3
34330,5,0.5,8,3,1,19,randomly,2021-03-05T12:09:25Z,3
34330,1,7,16.5,3,2,20,randomly,2021-03-05T12:11:30Z,3
35505,9,10,15.5,3,6,2,assortatively,2021-03-05T11:36:04Z,3
35505,9,7.5,13,3,4,3,assortatively,2021-03-05T11:37:52Z,3
35505,8,8,14,3,6,4,assortatively,2021-03-05T11:39:33Z,3
35505,9,5,10.5,3,6,5,assortatively,2021-03-05T11:42:03Z,3
35505,9,9.5,15,3,6,6,assortatively,2021-03-05T11:44:09Z,3
35505,9,5.5,11,3,6,7,assortatively,2021-03-05T11:46:08Z,3
35505,1,7,16.5,3,5,8,assortatively,2021-03-05T11:48:07Z,3
35505,1,0,9.5,3,0,9,assortatively,2021-03-05T11:49:32Z,3
35505,5,5,12.5,3,1,10,assortatively,2021-03-05T11:51:33Z,3
35505,7,6,12.5,3,3,11,assortatively,2021-03-05T11:54:49Z,3
35505,4,7,15,3,5,12,assortatively,2021-03-05T11:56:55Z,3
35505,3,5,13.5,3,3,13,assortatively,2021-03-05T11:58:16Z,3
35505,3,2,10.5,3,2,14,assortatively,2021-03-05T12:00:24Z,3
35505,0,2,12,3,2,15,assortatively,2021-03-05T12:01:40Z,3
35505,0,0.5,10.5,3,0,16,assortatively,2021-03-05T12:03:28Z,3
35505,0,2.5,12.5,3,2,17,assortatively,2021-03-05T12:06:27Z,3
35505,9,0.5,6,3,0,18,assortatively,2021-03-05T12:08:19Z,3
35505,0,10,20,3,5,19,assortatively,2021-03-05T12:10:43Z,3
35505,2,0,9,3,0,20,assortatively,2021-03-05T12:12:28Z,3
38194,7,6.5,13,3,3,2,assortatively,2021-03-05T11:36:37Z,3
38194,8,6.5,12.5,3,3,3,assortatively,2021-03-05T11:37:56Z,3
39597,10,8,13,3,5,3,assortatively,2021-03-05T11:37:30Z,3
39597,8,8,14,3,6,4,assortatively,2021-03-05T11:39:27Z,3
39597,10,7,12,3,5,5,assortatively,2021-03-05T11:41:25Z,3
39597,9,9.5,15,3,6,6,assortatively,2021-03-05T11:43:32Z,3
39597,9,9.5,15,3,5,7,assortatively,2021-03-05T11:45:33Z,3
39597,5,5,12.5,3,5,8,assortatively,2021-03-05T11:47:33Z,3
39597,9,3.5,9,3,4,9,assortatively,2021-03-05T11:49:23Z,3
39597,10,9,14,3,5,10,assortatively,2021-03-05T11:51:31Z,3
39597,5,10,17.5,3,5,11,assortatively,2021-03-05T11:53:25Z,3
39597,9,0.5,6,3,3,12,assortatively,2021-03-05T11:55:26Z,3
39597,6,7.5,14.5,3,5,13,assortatively,2021-03-05T11:57:27Z,3
39597,10,6,11,3,4,14,assortatively,2021-03-05T11:59:28Z,3
39597,10,7,12,3,4,15,assortatively,2021-03-05T12:01:24Z,3
39597,8,10,16,3,5,16,assortatively,2021-03-05T12:03:24Z,3
39597,6,6.5,13.5,3,4,17,assortatively,2021-03-05T12:05:27Z,3
39597,9,6,11.5,3,4,18,assortatively,2021-03-05T12:07:23Z,3
39597,10,7,12,3,4,19,assortatively,2021-03-05T12:09:22Z,3
39597,5,10,17.5,3,5,20,assortatively,2021-03-05T12:11:27Z,3
43753,5,8.5,16,3,2,2,not,2021-03-05T11:36:57Z,3
43753,5,8,15.5,3,2,3,not,2021-03-05T11:37:44Z,3
43753,5,6,13.5,3,2,4,not,2021-03-05T11:39:59Z,3
43753,6,5,12,3,2,5,not,2021-03-05T11:41:40Z,3
43753,6,6.5,13.5,3,2,6,not,2021-03-05T11:43:41Z,3
43753,6,4.5,11.5,3,2,7,not,2021-03-05T11:45:36Z,3
43753,7,5,11.5,3,2,8,not,2021-03-05T11:47:35Z,3
43753,7,4.5,11,3,2,9,not,2021-03-05T11:49:56Z,3
43753,7,4.5,11,3,2,10,not,2021-03-05T11:51:48Z,3
43753,7,4.5,11,3,2,11,not,2021-03-05T11:53:31Z,3
43775,10,8,13,3,5,2,assortatively,2021-03-05T11:35:25Z,3
43775,8,8,14,3,6,4,assortatively,2021-03-05T11:39:49Z,3
43775,1,9,18.5,3,6,5,assortatively,2021-03-05T11:41:21Z,3
43775,10,2,7,3,0,6,assortatively,2021-03-05T11:43:23Z,3
43775,1,9.5,19,3,6,7,assortatively,2021-03-05T11:46:01Z,3
43775,1,1.5,11,3,0,8,assortatively,2021-03-05T11:47:20Z,3
43775,1,6,15.5,3,1,9,assortatively,2021-03-05T11:49:47Z,3
43775,10,2.5,7.5,3,1,10,assortatively,2021-03-05T11:51:31Z,3
43775,1,4.5,14,3,3,12,assortatively,2021-03-05T11:55:19Z,3
43775,1,1,10.5,3,1,13,assortatively,2021-03-05T11:57:22Z,3
43775,0,1,11,3,1,14,assortatively,2021-03-05T11:59:22Z,3
43775,0,2.5,12.5,3,0,15,assortatively,2021-03-05T12:01:27Z,3
43775,9,0,5.5,3,1,16,assortatively,2021-03-05T12:03:36Z,3
43775,0,10,20,3,5,17,assortatively,2021-03-05T12:05:41Z,3
43775,1,4.5,14,3,0,18,assortatively,2021-03-05T12:07:47Z,3
43775,0,3,13,3,2,19,assortatively,2021-03-05T12:09:26Z,3
43775,0,1,11,3,0,20,assortatively,2021-03-05T12:11:22Z,3
44948,6,7,14,3,3,2,assortatively,2021-03-05T11:36:56Z,3
44948,6,5,12,3,2,3,assortatively,2021-03-05T11:37:41Z,3
44948,5,7,14.5,3,2,4,assortatively,2021-03-05T11:40:31Z,3
44948,5,2.5,10,3,1,5,assortatively,2021-03-05T11:42:22Z,3
44948,5,2.5,10,3,2,6,assortatively,2021-03-05T11:44:33Z,3
44948,5,3.5,11,3,2,7,assortatively,2021-03-05T11:46:36Z,3
44948,5,6,13.5,3,3,8,assortatively,2021-03-05T11:47:44Z,3
45448,10,4,9,3,0,2,randomly,2021-03-05T11:35:33Z,3
45448,5,5.5,13,3,4,3,randomly,2021-03-05T11:38:03Z,3
45448,6,7,14,3,4,4,randomly,2021-03-05T11:39:28Z,3
45448,7,7,13.5,3,2,5,randomly,2021-03-05T11:41:42Z,3
45448,8,8.5,14.5,3,0,6,randomly,2021-03-05T11:43:46Z,3
45448,9,2.5,8,3,1,7,randomly,2021-03-05T11:45:45Z,3
45448,10,0.5,5.5,3,1,8,randomly,2021-03-05T11:47:32Z,3
45448,7,6,12.5,3,4,9,randomly,2021-03-05T11:49:25Z,3
45448,7,3,9.5,3,2,10,randomly,2021-03-05T11:51:30Z,3
45448,8,6,12,3,1,11,randomly,2021-03-05T11:53:20Z,3
45448,9,4,9.5,3,5,12,randomly,2021-03-05T11:55:22Z,3
45448,10,5.5,10.5,3,1,13,randomly,2021-03-05T11:57:26Z,3
45448,10,5,10,3,6,14,randomly,2021-03-05T11:59:42Z,3
45448,2,2,11,3,1,15,randomly,2021-03-05T12:01:27Z,3
45448,4,3,11,3,0,16,randomly,2021-03-05T12:03:58Z,3
45448,3,2,10.5,3,0,17,randomly,2021-03-05T12:05:35Z,3
45448,2,6,15,3,3,18,randomly,2021-03-05T12:07:41Z,3
45448,2,5,14,3,6,19,randomly,2021-03-05T12:09:30Z,3
45448,5,2,9.5,3,1,20,randomly,2021-03-05T12:11:25Z,3
47275,8,7,13,3,2,2,not,2021-03-05T11:35:20Z,3
47275,10,5.5,10.5,3,2,3,not,2021-03-05T11:37:43Z,3
47275,7,5,11.5,3,2,4,not,2021-03-05T11:39:43Z,3
47275,5,5.5,13,3,2,5,not,2021-03-05T11:41:35Z,3
47275,8,5.5,11.5,3,2,6,not,2021-03-05T11:43:45Z,3
47275,5,5,12.5,3,2,7,not,2021-03-05T11:45:25Z,3
47275,7,5,11.5,3,2,8,not,2021-03-05T11:47:41Z,3
47275,7,4.5,11,3,2,9,not,2021-03-05T11:49:55Z,3
47275,8,4,10,3,2,10,not,2021-03-05T11:51:26Z,3
47275,9,3.5,9,3,2,11,not,2021-03-05T11:53:43Z,3
47275,5,0.5,8,3,2,14,not,2021-03-05T11:59:38Z,3
47275,8,0,6,3,2,15,not,2021-03-05T12:01:21Z,3
47275,9,0,5.5,3,2,16,not,2021-03-05T12:03:27Z,3
47275,6,0,7,3,2,17,not,2021-03-05T12:05:41Z,3
47275,10,0.5,5.5,3,2,18,not,2021-03-05T12:07:22Z,3
47275,10,0.5,5.5,3,2,19,not,2021-03-05T12:09:41Z,3
47275,5,0.5,8,3,2,20,not,2021-03-05T12:11:22Z,3
47463,5,4,11.5,3,1,2,assortatively,2021-03-05T11:35:29Z,3
47463,3,6,14.5,3,1,3,assortatively,2021-03-05T11:37:50Z,3
47463,3,3,11.5,3,0,4,assortatively,2021-03-05T11:39:50Z,3
47463,2,2.5,11.5,3,0,5,assortatively,2021-03-05T11:41:30Z,3
47463,1,4,13.5,3,1,6,assortatively,2021-03-05T11:43:40Z,3
47463,2,5.5,14.5,3,0,7,assortatively,2021-03-05T11:46:19Z,3
47463,2,1,10,3,0,8,assortatively,2021-03-05T11:47:20Z,3
47463,1,1,10.5,3,2,9,assortatively,2021-03-05T11:49:22Z,3
47463,0,7.5,17.5,3,1,10,assortatively,2021-03-05T11:51:37Z,3
47463,0,3,13,3,0,11,assortatively,2021-03-05T11:53:36Z,3
47463,1,0.5,10,3,0,12,assortatively,2021-03-05T11:55:49Z,3
47463,10,0.5,5.5,3,0,14,assortatively,2021-03-05T11:59:21Z,3
47463,0,10,20,3,5,15,assortatively,2021-03-05T12:01:26Z,3
47463,0,4.5,14.5,3,1,16,assortatively,2021-03-05T12:03:19Z,3
47463,0,0.5,10.5,3,1,17,assortatively,2021-03-05T12:05:29Z,3
47463,0,0,10,3,1,18,assortatively,2021-03-05T12:07:41Z,3
47463,3,1,9.5,3,1,19,assortatively,2021-03-05T12:09:25Z,3
47463,1,0,9.5,3,2,20,assortatively,2021-03-05T12:11:24Z,3
50986,6,9.5,16.5,3,3,2,not,2021-03-05T11:36:13Z,3
50986,7,7.5,14,3,3,3,not,2021-03-05T11:37:53Z,3
50986,6,7.5,14.5,3,3,4,not,2021-03-05T11:40:32Z,3
50986,6,6,13,3,3,5,not,2021-03-05T11:42:22Z,3
50986,6,7.5,14.5,3,3,6,not,2021-03-05T11:44:45Z,3
50986,4,5,13,3,3,7,not,2021-03-05T11:45:53Z,3
50986,5,2,9.5,3,3,8,not,2021-03-05T11:48:13Z,3
50986,0,3,13,3,3,9,not,2021-03-05T11:50:28Z,3
50986,5,0.5,8,3,3,10,not,2021-03-05T11:52:26Z,3
50986,5,6,13.5,3,3,11,not,2021-03-05T11:54:02Z,3
50986,6,6.5,13.5,3,3,12,not,2021-03-05T11:56:06Z,3
50986,6,6.5,13.5,3,3,13,not,2021-03-05T11:58:39Z,3
50986,6,5.5,12.5,3,3,14,not,2021-03-05T11:59:57Z,3
50986,7,4,10.5,3,3,15,not,2021-03-05T12:01:51Z,3
50986,5,6,13.5,3,3,16,not,2021-03-05T12:03:54Z,3
51534,9,8,13.5,3,3,2,not,2021-03-05T11:35:52Z,3
51534,6,8,15,3,3,3,not,2021-03-05T11:37:46Z,3
51534,6,7.5,14.5,3,3,4,not,2021-03-05T11:39:44Z,3
51534,6,6,13,3,3,5,not,2021-03-05T11:41:26Z,3
51534,5,8,15.5,3,3,6,not,2021-03-05T11:43:40Z,3
51534,4,5,13,3,3,7,not,2021-03-05T11:45:55Z,3
51534,3,3,11.5,3,3,8,not,2021-03-05T11:48:01Z,3
51534,1,2.5,12,3,3,9,not,2021-03-05T11:49:35Z,3
51534,0,3,13,3,3,10,not,2021-03-05T11:51:53Z,3
51534,7,5,11.5,3,3,11,not,2021-03-05T11:53:43Z,3
51534,8,5.5,11.5,3,3,12,not,2021-03-05T11:55:48Z,3
51534,5,7,14.5,3,3,13,not,2021-03-05T11:57:44Z,3
51534,4,6.5,14.5,3,3,14,not,2021-03-05T11:59:35Z,3
51534,2,6.5,15.5,3,3,15,not,2021-03-05T12:02:01Z,3
51534,7,5,11.5,3,3,16,not,2021-03-05T12:03:35Z,3
51724,6,10,17,3,5,2,assortatively,2021-03-05T11:35:30Z,3
51724,8,3.5,9.5,3,1,3,assortatively,2021-03-05T11:37:29Z,3
51724,6,7,14,3,5,4,assortatively,2021-03-05T11:39:46Z,3
51724,9,6.5,12,3,3,5,assortatively,2021-03-05T11:41:26Z,3
51724,8,8,14,3,5,6,assortatively,2021-03-05T11:43:45Z,3
51724,10,9,14,3,5,7,assortatively,2021-03-05T11:45:19Z,3
51724,9,5.5,11,3,6,8,assortatively,2021-03-05T11:47:36Z,3
51724,10,9.5,14.5,3,6,9,assortatively,2021-03-05T11:50:08Z,3
51724,10,5.5,10.5,3,6,10,assortatively,2021-03-05T11:51:50Z,3
51724,10,10,15,3,6,12,assortatively,2021-03-05T11:55:43Z,3
51724,10,8.5,13.5,3,5,14,assortatively,2021-03-05T11:59:35Z,3
51724,10,9,14,3,5,16,assortatively,2021-03-05T12:04:23Z,3
51724,10,7.5,12.5,3,5,20,assortatively,2021-03-05T12:11:23Z,3
51914,10,7.5,12.5,3,3,2,not,2021-03-05T11:35:28Z,3
51914,9,6.5,12,3,3,3,not,2021-03-05T11:37:45Z,3
51914,9,6,11.5,3,3,4,not,2021-03-05T11:39:41Z,3
51914,6,6,13,3,3,5,not,2021-03-05T11:41:39Z,3
51914,10,5.5,10.5,3,3,6,not,2021-03-05T11:43:23Z,3
51914,6,4,11,3,3,7,not,2021-03-05T11:45:50Z,3
51914,1,4,13.5,3,3,8,not,2021-03-05T11:47:50Z,3
51914,5,0.5,8,3,3,9,not,2021-03-05T11:49:32Z,3
51914,1,2.5,12,3,3,10,not,2021-03-05T11:51:41Z,3
51914,5,6,13.5,3,3,11,not,2021-03-05T11:53:22Z,3
51914,5,7,14.5,3,3,12,not,2021-03-05T11:55:28Z,3
51914,8,5.5,11.5,3,3,13,not,2021-03-05T11:57:46Z,3
51914,7,5,11.5,3,3,14,not,2021-03-05T11:59:28Z,3
51914,6,4.5,11.5,3,3,15,not,2021-03-05T12:01:39Z,3
51914,5,6,13.5,3,3,16,not,2021-03-05T12:03:52Z,3
52161,8,5,11,3,4,2,not,2021-03-05T11:35:25Z,3
52161,5,5.5,13,3,4,3,not,2021-03-05T11:37:31Z,3
52161,6,6,13,3,4,4,not,2021-03-05T11:39:23Z,3
52161,8,4,10,3,4,5,not,2021-03-05T11:41:23Z,3
52161,8,5.5,11.5,3,4,6,not,2021-03-05T11:43:28Z,3
52161,2,5.5,14.5,3,4,7,not,2021-03-05T11:45:24Z,3
52161,5,6.5,14,3,4,8,not,2021-03-05T11:47:50Z,3
52161,5,7.5,15,3,4,9,not,2021-03-05T11:49:49Z,3
52161,2,3,12,3,4,10,not,2021-03-05T11:51:19Z,3
52161,9,6,11.5,3,4,11,not,2021-03-05T11:53:19Z,3
52161,2,9,18,3,4,12,not,2021-03-05T11:55:40Z,3
52161,2,5,14,3,4,13,not,2021-03-05T11:57:22Z,3
52161,5,7.5,15,3,4,14,not,2021-03-05T11:59:53Z,3
52161,6,5,12,3,4,15,not,2021-03-05T12:01:26Z,3
52161,1,3.5,13,3,4,16,not,2021-03-05T12:03:43Z,3
52161,8,2.5,8.5,3,4,17,not,2021-03-05T12:05:51Z,3
52161,0,5.5,15.5,3,4,18,not,2021-03-05T12:07:29Z,3
52161,1,2.5,12,3,4,19,not,2021-03-05T12:09:25Z,3
52161,6,1,8,3,4,20,not,2021-03-05T12:11:20Z,3
54668,5,8.5,16,3,4,2,randomly,2021-03-05T11:35:22Z,3
54668,5,6.5,14,3,5,3,randomly,2021-03-05T11:37:42Z,3
54668,5,1.5,9,3,2,4,randomly,2021-03-05T11:39:33Z,3
54668,1,7,16.5,3,4,5,randomly,2021-03-05T11:41:25Z,3
54668,1,3.5,13,3,1,6,randomly,2021-03-05T11:43:21Z,3
54668,0,2.5,12.5,3,2,7,randomly,2021-03-05T11:45:26Z,3
54668,0,2,12,3,3,8,randomly,2021-03-05T11:47:25Z,3
54668,0,4,14,3,1,9,randomly,2021-03-05T11:49:22Z,3
54668,0,5,15,3,5,10,randomly,2021-03-05T11:51:21Z,3
54668,0,0,10,3,5,11,randomly,2021-03-05T11:53:23Z,3
54668,0,2,12,3,2,12,randomly,2021-03-05T11:55:22Z,3
54668,0,5.5,15.5,3,6,13,randomly,2021-03-05T11:57:28Z,3
54668,0,5,15,3,0,14,randomly,2021-03-05T11:59:20Z,3
54668,0,4,14,3,2,15,randomly,2021-03-05T12:01:20Z,3
54668,0,6.5,16.5,3,2,16,randomly,2021-03-05T12:03:23Z,3
54668,0,6.5,16.5,3,4,17,randomly,2021-03-05T12:05:19Z,3
54668,0,3,13,3,2,18,randomly,2021-03-05T12:07:47Z,3
54668,0,3,13,3,1,19,randomly,2021-03-05T12:09:23Z,3
54668,0,5,15,3,6,20,randomly,2021-03-05T12:11:23Z,3
56170,6,6,13,3,4,2,not,2021-03-05T11:35:32Z,3
56170,6,5,12,3,4,3,not,2021-03-05T11:38:02Z,3
56170,5,6.5,14,3,4,4,not,2021-03-05T11:39:28Z,3
56170,2,7,16,3,4,5,not,2021-03-05T11:41:40Z,3
56170,5,7,14.5,3,4,6,not,2021-03-05T11:43:35Z,3
56170,4,4.5,12.5,3,4,7,not,2021-03-05T11:45:31Z,3
56170,5,6.5,14,3,4,8,not,2021-03-05T11:47:47Z,3
56170,6,7,14,3,4,9,not,2021-03-05T11:49:25Z,3
56170,6,1,8,3,4,10,not,2021-03-05T11:51:27Z,3
56170,2,9.5,18.5,3,4,11,not,2021-03-05T11:53:25Z,3
56170,9,5.5,11,3,4,12,not,2021-03-05T11:55:21Z,3
56170,2,5,14,3,4,13,not,2021-03-05T11:57:28Z,3
56170,8,6,12,3,4,14,not,2021-03-05T11:59:24Z,3
56170,4,6,14,3,4,15,not,2021-03-05T12:01:25Z,3
56170,2,3,12,3,4,16,not,2021-03-05T12:03:27Z,3
56170,1,6,15.5,3,4,17,not,2021-03-05T12:05:26Z,3
56170,8,1.5,7.5,3,4,18,not,2021-03-05T12:07:23Z,3
56170,3,1.5,10,3,4,19,not,2021-03-05T12:09:20Z,3
56170,1,3.5,13,3,4,20,not,2021-03-05T12:11:22Z,3
56208,0,5.5,15.5,3,3,2,randomly,2021-03-05T11:35:55Z,3
56208,4,3.5,11.5,3,6,4,randomly,2021-03-05T11:39:33Z,3
56208,10,2.5,7.5,3,4,5,randomly,2021-03-05T11:41:36Z,3
56208,7,0.5,7,3,1,6,randomly,2021-03-05T11:43:53Z,3
56208,5,4,11.5,3,0,7,randomly,2021-03-05T11:45:26Z,3
56208,5,7,14.5,3,5,8,randomly,2021-03-05T11:47:52Z,3
56208,5,5.5,13,3,5,9,randomly,2021-03-05T11:49:53Z,3
56208,8,5.5,11.5,3,6,10,randomly,2021-03-05T11:51:20Z,3
56208,0,0,10,3,5,11,randomly,2021-03-05T11:53:16Z,3
56208,5,4,11.5,3,0,12,randomly,2021-03-05T11:55:29Z,3
56208,7,3.5,10,3,2,13,randomly,2021-03-05T11:57:31Z,3
56208,6,2,9,3,0,14,randomly,2021-03-05T11:59:42Z,3
56208,6,4,11,3,4,15,randomly,2021-03-05T12:01:27Z,3
56208,5,7,14.5,3,1,16,randomly,2021-03-05T12:03:30Z,3
56208,7,5,11.5,3,6,17,randomly,2021-03-05T12:05:38Z,3
56208,7,8,14.5,3,0,18,randomly,2021-03-05T12:07:24Z,3
56208,6,3,10,3,6,19,randomly,2021-03-05T12:09:29Z,3
56208,5,6,13.5,3,3,20,randomly,2021-03-05T12:11:21Z,3
56990,0,4.5,14.5,3,5,2,randomly,2021-03-05T11:35:27Z,3
56990,0,7.5,17.5,3,0,3,randomly,2021-03-05T11:37:27Z,3
56990,0,4,14,3,2,4,randomly,2021-03-05T11:39:43Z,3
56990,0,1.5,11.5,3,6,5,randomly,2021-03-05T11:41:26Z,3
56990,0,4,14,3,1,6,randomly,2021-03-05T11:43:44Z,3
56990,0,2.5,12.5,3,2,7,randomly,2021-03-05T11:45:24Z,3
56990,10,8,13,3,4,8,randomly,2021-03-05T11:47:29Z,3
56990,7,5,11.5,3,3,9,randomly,2021-03-05T11:49:23Z,3
56990,3,2.5,11,3,1,10,randomly,2021-03-05T11:51:34Z,3
56990,0,0,10,3,5,11,randomly,2021-03-05T11:53:35Z,3
56990,0,6.5,16.5,3,0,12,randomly,2021-03-05T11:55:48Z,3
56990,0,6.5,16.5,3,4,13,randomly,2021-03-05T11:57:44Z,3
56990,0,2,12,3,2,14,randomly,2021-03-05T11:59:23Z,3
56990,0,6.5,16.5,3,6,15,randomly,2021-03-05T12:01:33Z,3
56990,0,6,16,3,5,16,randomly,2021-03-05T12:03:36Z,3
56990,0,1.5,11.5,3,3,17,randomly,2021-03-05T12:05:31Z,3
56990,0,7,17,3,6,18,randomly,2021-03-05T12:07:23Z,3
56990,0,4.5,14.5,3,0,19,randomly,2021-03-05T12:09:27Z,3
56990,0,9,19,3,5,20,randomly,2021-03-05T12:12:14Z,3
59163,4,7,15,3,4,2,not,2021-03-05T11:35:48Z,3
59163,5,5.5,13,3,4,3,not,2021-03-05T11:37:51Z,3
59163,7,5.5,12,3,4,4,not,2021-03-05T11:39:45Z,3
59163,6,5,12,3,4,5,not,2021-03-05T11:41:24Z,3
59163,6,6.5,13.5,3,4,6,not,2021-03-05T11:43:26Z,3
59163,7,3,9.5,3,4,7,not,2021-03-05T11:45:34Z,3
59163,8,5,11,3,4,8,not,2021-03-05T11:47:25Z,3
59163,9,5.5,11,3,4,9,not,2021-03-05T11:49:36Z,3
59163,0,4,14,3,4,10,not,2021-03-05T11:51:31Z,3
59163,10,5.5,10.5,3,4,11,not,2021-03-05T11:53:24Z,3
59163,9,5.5,11,3,4,12,not,2021-03-05T11:55:24Z,3
59163,8,2,8,3,4,13,not,2021-03-05T11:57:25Z,3
59163,7,6.5,13,3,4,14,not,2021-03-05T11:59:26Z,3
59163,6,5,12,3,4,15,not,2021-03-05T12:01:25Z,3
59163,5,1.5,9,3,4,16,not,2021-03-05T12:03:30Z,3
59163,4,4.5,12.5,3,4,17,not,2021-03-05T12:05:30Z,3
59163,3,4,12.5,3,4,18,not,2021-03-05T12:07:33Z,3
59163,2,2,11,3,4,19,not,2021-03-05T12:09:21Z,3
59163,1,3.5,13,3,4,20,not,2021-03-05T12:11:33Z,3
59686,8,8,14,3,4,3,assortatively,2021-03-05T11:37:41Z,3
59686,7,7,13.5,3,4,4,assortatively,2021-03-05T11:39:48Z,3
59686,7,6.5,13,3,4,6,assortatively,2021-03-05T11:43:25Z,3
59686,6,7.5,14.5,3,4,7,assortatively,2021-03-05T11:45:33Z,3
59686,6,5.5,12.5,3,3,8,assortatively,2021-03-05T11:47:30Z,3
59686,6,7.5,14.5,3,5,9,assortatively,2021-03-05T11:49:46Z,3
59686,6,7,14,3,4,10,assortatively,2021-03-05T11:51:33Z,3
59686,6,6.5,13.5,3,3,11,assortatively,2021-03-05T11:53:34Z,3
59686,6,6.5,13.5,3,4,12,assortatively,2021-03-05T11:55:33Z,3
59686,6,3.5,10.5,3,3,13,assortatively,2021-03-05T11:57:21Z,3
59686,6,8,15,3,4,14,assortatively,2021-03-05T11:59:43Z,3
59686,6,7,14,3,3,15,assortatively,2021-03-05T12:01:43Z,3
59686,6,5,12,3,3,16,assortatively,2021-03-05T12:03:42Z,3
59686,6,6,13,3,3,17,assortatively,2021-03-05T12:05:31Z,3
59686,6,7.5,14.5,3,4,18,assortatively,2021-03-05T12:07:28Z,3
59686,6,7,14,3,3,19,assortatively,2021-03-05T12:10:10Z,3
59686,6,5,12,3,3,20,assortatively,2021-03-05T12:11:35Z,3
60599,5,7.5,15,3,4,4,randomly,2021-03-05T11:39:32Z,3
60599,8,3,9,3,1,5,randomly,2021-03-05T11:41:36Z,3
60599,8,8.5,14.5,3,0,6,randomly,2021-03-05T11:43:55Z,3
60599,10,7.5,12.5,3,3,7,randomly,2021-03-05T11:45:29Z,3
60599,9,2.5,8,3,0,8,randomly,2021-03-05T11:47:24Z,3
60599,10,4.5,9.5,3,4,9,randomly,2021-03-05T11:49:53Z,3
60599,8,5.5,11.5,3,4,10,randomly,2021-03-05T11:51:28Z,3
60599,8,3.5,9.5,3,4,11,randomly,2021-03-05T11:53:24Z,3
60599,10,5,10,3,1,12,randomly,2021-03-05T11:55:32Z,3
60599,10,5.5,10.5,3,1,13,randomly,2021-03-05T11:57:49Z,3
60599,10,4,9,3,4,14,randomly,2021-03-05T11:59:26Z,3
60599,8,4.5,10.5,3,5,15,randomly,2021-03-05T12:01:46Z,3
60599,10,2,7,3,3,16,randomly,2021-03-05T12:04:12Z,3
60599,9,2,7.5,3,5,17,randomly,2021-03-05T12:05:47Z,3
60599,10,6.5,11.5,3,0,18,randomly,2021-03-05T12:07:18Z,3
60599,10,2,7,3,4,19,randomly,2021-03-05T12:09:38Z,3
60599,10,4,9,3,5,20,randomly,2021-03-05T12:11:27Z,3
63842,7,6.5,13,3,2,2,assortatively,2021-03-05T11:35:32Z,3
63842,6,7.5,14.5,3,3,3,assortatively,2021-03-05T11:38:19Z,3
63842,6,6.5,13.5,3,2,4,assortatively,2021-03-05T11:40:04Z,3
63842,6,8,15,3,3,5,assortatively,2021-03-05T11:41:44Z,3
63842,6,7,14,3,4,6,assortatively,2021-03-05T11:43:47Z,3
63842,6,4.5,11.5,3,3,7,assortatively,2021-03-05T11:45:26Z,3
63842,6,5.5,12.5,3,3,8,assortatively,2021-03-05T11:47:53Z,3
63842,6,5,12,3,4,9,assortatively,2021-03-05T11:49:31Z,3
63842,6,6.5,13.5,3,3,11,assortatively,2021-03-05T11:53:29Z,3
63842,6,6.5,13.5,3,4,12,assortatively,2021-03-05T11:55:38Z,3
63842,6,6.5,13.5,3,4,13,assortatively,2021-03-05T11:57:28Z,3
63842,6,8,15,3,4,14,assortatively,2021-03-05T11:59:27Z,3
63842,6,7,14,3,3,15,assortatively,2021-03-05T12:01:32Z,3
63842,6,5,12,3,3,16,assortatively,2021-03-05T12:03:58Z,3
63842,6,6,13,3,3,17,assortatively,2021-03-05T12:05:36Z,3
63842,6,7.5,14.5,3,4,18,assortatively,2021-03-05T12:07:48Z,3
63842,6,7,14,3,3,19,assortatively,2021-03-05T12:09:44Z,3
63842,6,5,12,3,3,20,assortatively,2021-03-05T12:11:51Z,3
65917,9,7,12.5,3,5,2,not,2021-03-05T11:36:22Z,3
65917,9,6,11.5,3,5,3,not,2021-03-05T11:38:24Z,3
65917,5,5,12.5,3,5,4,not,2021-03-05T11:39:59Z,3
65917,2,5,14,3,5,5,not,2021-03-05T11:42:23Z,3
65917,5,5,12.5,3,5,6,not,2021-03-05T11:44:29Z,3
65917,3,5.5,14,3,5,7,not,2021-03-05T11:46:48Z,3
65917,3,4,12.5,3,5,8,not,2021-03-05T11:47:29Z,3
65917,4,0.5,8.5,3,5,9,not,2021-03-05T11:49:27Z,3
65917,5,0.5,8,3,5,10,not,2021-03-05T11:52:08Z,3
65917,4,0.5,8.5,3,5,11,not,2021-03-05T11:53:28Z,3
65917,2,0.5,9.5,3,5,12,not,2021-03-05T11:55:27Z,3
65917,0,4.5,14.5,3,5,13,not,2021-03-05T11:58:46Z,3
65917,2,3,12,3,5,14,not,2021-03-05T12:00:40Z,3
65917,2,3,12,3,5,15,not,2021-03-05T12:02:19Z,3
65917,2,3,12,3,5,16,not,2021-03-05T12:03:26Z,3
65917,2,5,14,3,5,17,not,2021-03-05T12:06:44Z,3
65917,2,3,12,3,5,18,not,2021-03-05T12:08:03Z,3
65917,2,3,12,3,5,19,not,2021-03-05T12:10:29Z,3
65917,2,1,10,3,5,20,not,2021-03-05T12:12:53Z,3
66746,5,5.5,13,3,2,3,assortatively,2021-03-05T11:37:33Z,3
66746,8,5.5,11.5,3,2,4,assortatively,2021-03-05T11:39:44Z,3
66746,6,9,16,3,5,5,assortatively,2021-03-05T11:42:08Z,3
66746,7,4,10.5,3,3,6,assortatively,2021-03-05T11:43:40Z,3
66746,7,4,10.5,3,3,7,assortatively,2021-03-05T11:45:22Z,3
66746,5,8,15.5,3,4,8,assortatively,2021-03-05T11:48:16Z,3
66746,7,4.5,11,3,3,9,assortatively,2021-03-05T11:49:33Z,3
66746,7,6.5,13,3,4,10,assortatively,2021-03-05T11:51:31Z,3
66746,7,8,14.5,3,4,11,assortatively,2021-03-05T11:54:30Z,3
66746,6,6,13,3,5,12,assortatively,2021-03-05T11:55:54Z,3
66746,6,6.5,13.5,3,4,13,assortatively,2021-03-05T11:57:35Z,3
66746,7,2.5,9,3,3,14,assortatively,2021-03-05T12:00:13Z,3
66746,7,8.5,15,3,4,15,assortatively,2021-03-05T12:01:51Z,3
66746,8,6,12,3,4,16,assortatively,2021-03-05T12:04:12Z,3
66746,6,6.5,13.5,3,4,17,assortatively,2021-03-05T12:06:28Z,3
66746,7,5,11.5,3,3,18,assortatively,2021-03-05T12:08:17Z,3
66746,7,8.5,15,3,4,19,assortatively,2021-03-05T12:09:33Z,3
66746,5,6,13.5,3,4,20,assortatively,2021-03-05T12:11:36Z,3
67047,6,6.5,13.5,3,1,2,randomly,2021-03-05T11:35:36Z,3
67047,7,4,10.5,3,0,3,randomly,2021-03-05T11:37:30Z,3
67047,6,6,13,3,0,4,randomly,2021-03-05T11:39:34Z,3
67047,6,7.5,14.5,3,2,5,randomly,2021-03-05T11:41:26Z,3
67047,6,9,16,3,3,6,randomly,2021-03-05T11:43:28Z,3
67047,7,1,7.5,3,6,7,randomly,2021-03-05T11:45:31Z,3
67047,6,6.5,13.5,3,5,8,randomly,2021-03-05T11:47:30Z,3
67047,5,6,13.5,3,3,9,randomly,2021-03-05T11:49:27Z,3
67047,6,6.5,13.5,3,6,10,randomly,2021-03-05T11:51:25Z,3
67047,5,7.5,15,3,1,11,randomly,2021-03-05T11:53:31Z,3
67047,6,5.5,12.5,3,5,12,randomly,2021-03-05T11:55:30Z,3
67047,5,3,10.5,3,3,13,randomly,2021-03-05T11:57:33Z,3
67047,4,3,11,3,0,14,randomly,2021-03-05T11:59:32Z,3
67047,4,2.5,10.5,3,3,15,randomly,2021-03-05T12:01:31Z,3
67047,2,4,13,3,0,16,randomly,2021-03-05T12:03:29Z,3
67047,2,0.5,9.5,3,3,17,randomly,2021-03-05T12:05:27Z,3
67047,4,4,12,3,1,18,randomly,2021-03-05T12:07:39Z,3
67047,5,2.5,10,3,5,19,randomly,2021-03-05T12:09:29Z,3
67047,3,7,15.5,3,3,20,randomly,2021-03-05T12:11:36Z,3
68254,7,8,14.5,3,5,2,not,2021-03-05T11:35:56Z,3
68254,7,7,13.5,3,5,3,not,2021-03-05T11:38:05Z,3
68254,7,4,10.5,3,5,4,not,2021-03-05T11:40:14Z,3
68254,8,2,8,3,5,5,not,2021-03-05T11:42:38Z,3
68254,7,4,10.5,3,5,6,not,2021-03-05T11:43:50Z,3
68254,7,3.5,10,3,5,7,not,2021-03-05T11:45:54Z,3
68254,6,2.5,9.5,3,5,8,not,2021-03-05T11:48:14Z,3
68254,1,2,11.5,3,5,9,not,2021-03-05T11:49:36Z,3
68254,1,2.5,12,3,5,10,not,2021-03-05T11:51:41Z,3
68254,1,2,11.5,3,5,11,not,2021-03-05T11:53:29Z,3
68254,1,1,10.5,3,5,12,not,2021-03-05T11:55:27Z,3
68254,9,0,5.5,3,5,13,not,2021-03-05T11:57:41Z,3
68254,6,1,8,3,5,14,not,2021-03-05T11:59:30Z,3
68254,6,1,8,3,5,15,not,2021-03-05T12:01:54Z,3
68254,6,1,8,3,5,16,not,2021-03-05T12:03:28Z,3
68254,5,3.5,11,3,5,17,not,2021-03-05T12:05:51Z,3
68254,4,2,10,3,5,18,not,2021-03-05T12:07:42Z,3
68254,3,2.5,11,3,5,19,not,2021-03-05T12:09:27Z,3
68254,2,1,10,3,5,20,not,2021-03-05T12:11:33Z,3
69947,7,8,14.5,3,5,2,not,2021-03-05T11:35:44Z,3
69947,5,8,15.5,3,5,3,not,2021-03-05T11:38:04Z,3
69947,3,6,14.5,3,5,4,not,2021-03-05T11:39:28Z,3
69947,2,5,14,3,5,5,not,2021-03-05T11:42:31Z,3
69947,3,6,14.5,3,5,6,not,2021-03-05T11:43:26Z,3
69947,4,5,13,3,5,7,not,2021-03-05T11:45:31Z,3
69947,2,4.5,13.5,3,5,8,not,2021-03-05T11:47:38Z,3
69947,0,2.5,12.5,3,5,9,not,2021-03-05T11:49:23Z,3
69947,0,3,13,3,5,10,not,2021-03-05T11:51:28Z,3
69947,0,2.5,12.5,3,5,11,not,2021-03-05T11:53:25Z,3
69947,0,1.5,11.5,3,5,12,not,2021-03-05T11:55:45Z,3
69947,0,4.5,14.5,3,5,13,not,2021-03-05T11:57:39Z,3
69947,0,4,14,3,5,14,not,2021-03-05T11:59:38Z,3
69947,0,4,14,3,5,15,not,2021-03-05T12:01:19Z,3
69947,0,4,14,3,5,16,not,2021-03-05T12:03:50Z,3
69947,5,3.5,11,3,5,17,not,2021-03-05T12:06:36Z,3
69947,2,3,12,3,5,18,not,2021-03-05T12:08:04Z,3
69947,3,2.5,11,3,5,19,not,2021-03-05T12:09:51Z,3
69947,0,2,12,3,5,20,not,2021-03-05T12:11:24Z,3
70543,8,4.5,10.5,3,6,2,randomly,2021-03-05T11:35:39Z,3
70543,7,2.5,9,3,3,3,randomly,2021-03-05T11:37:54Z,3
70543,7,2,8.5,3,6,4,randomly,2021-03-05T11:39:48Z,3
70543,7,3,9.5,3,3,5,randomly,2021-03-05T11:42:07Z,3
70543,6,1.5,8.5,3,5,6,randomly,2021-03-05T11:45:10Z,3
70543,6,2,9,3,5,7,randomly,2021-03-05T11:45:29Z,3
70543,6,5.5,12.5,3,2,8,randomly,2021-03-05T11:47:27Z,3
70543,6,1,8,3,0,9,randomly,2021-03-05T11:49:32Z,3
70543,5,1.5,9,3,1,10,randomly,2021-03-05T11:51:58Z,3
70543,5,3,10.5,3,2,11,randomly,2021-03-05T11:53:28Z,3
70543,4,5.5,13.5,3,3,12,randomly,2021-03-05T11:55:35Z,3
70543,4,3.5,11.5,3,3,13,randomly,2021-03-05T11:57:37Z,3
70543,4,6,14,3,3,14,randomly,2021-03-05T11:59:20Z,3
70543,4,2,10,3,2,15,randomly,2021-03-05T12:01:23Z,3
70543,6,3.5,10.5,3,2,16,randomly,2021-03-05T12:03:41Z,3
70543,6,5.5,12.5,3,6,17,randomly,2021-03-05T12:05:33Z,3
70543,6,2.5,9.5,3,4,18,randomly,2021-03-05T12:07:24Z,3
70543,6,7,14,3,3,19,randomly,2021-03-05T12:09:58Z,3
70543,9,4.5,10,3,0,20,randomly,2021-03-05T12:11:28Z,3
71098,7,5.5,12,3,6,2,not,2021-03-05T11:35:36Z,3
71098,4,5.5,13.5,3,6,3,not,2021-03-05T11:37:35Z,3
71098,3,5,13.5,3,6,4,not,2021-03-05T11:39:32Z,3
71098,2,5,14,3,6,5,not,2021-03-05T11:41:28Z,3
71098,2,5,14,3,6,6,not,2021-03-05T11:43:35Z,3
71098,2,5.5,14.5,3,6,7,not,2021-03-05T11:45:34Z,3
71098,2,5,14,3,6,8,not,2021-03-05T11:47:26Z,3
71098,2,4.5,13.5,3,6,9,not,2021-03-05T11:49:41Z,3
71098,2,5,14,3,6,10,not,2021-03-05T11:51:30Z,3
71098,1,2.5,12,3,2,14,not,2021-03-05T11:59:24Z,3
71098,0,4,14,3,2,15,not,2021-03-05T12:01:27Z,3
71098,0,4.5,14.5,3,2,16,not,2021-03-05T12:03:25Z,3
71098,0,3,13,3,2,17,not,2021-03-05T12:05:33Z,3
71098,0,5.5,15.5,3,2,18,not,2021-03-05T12:07:30Z,3
71098,1,5,14.5,3,2,19,not,2021-03-05T12:09:29Z,3
71098,1,2.5,12,3,2,20,not,2021-03-05T12:11:28Z,3
71112,10,6,11,3,4,2,randomly,2021-03-05T11:35:27Z,3
71112,4,5,13,3,2,3,randomly,2021-03-05T11:37:39Z,3
71112,3,2.5,11,3,2,4,randomly,2021-03-05T11:39:40Z,3
71112,1,6,15.5,3,3,5,randomly,2021-03-05T11:41:31Z,3
71112,0,5.5,15.5,3,4,6,randomly,2021-03-05T11:43:31Z,3
71112,0,5,15,3,5,7,randomly,2021-03-05T11:45:44Z,3
71112,8,5,11,3,6,8,randomly,2021-03-05T11:47:33Z,3
71112,8,4,10,3,5,9,randomly,2021-03-05T11:49:51Z,3
71112,0,4,14,3,1,10,randomly,2021-03-05T11:51:39Z,3
71112,6,3.5,10.5,3,0,11,randomly,2021-03-05T11:53:28Z,3
71112,8,6,12,3,1,12,randomly,2021-03-05T11:55:33Z,3
71112,9,2.5,8,3,5,13,randomly,2021-03-05T11:57:35Z,3
71112,7,6.5,13,3,6,14,randomly,2021-03-05T11:59:28Z,3
71112,9,2,7.5,3,6,15,randomly,2021-03-05T12:01:32Z,3
71112,5,3.5,11,3,5,16,randomly,2021-03-05T12:03:45Z,3
71112,4,4.5,12.5,3,4,17,randomly,2021-03-05T12:05:44Z,3
71112,10,2,7,3,6,18,randomly,2021-03-05T12:07:29Z,3
71112,9,5.5,11,3,3,19,randomly,2021-03-05T12:09:25Z,3
71112,10,0,5,3,6,20,randomly,2021-03-05T12:11:37Z,3
73765,4,7.5,15.5,3,0,2,assortatively,2021-03-05T11:36:05Z,3
73765,6,2.5,9.5,3,0,3,assortatively,2021-03-05T11:37:25Z,3
73765,4,7,15,3,3,4,assortatively,2021-03-05T11:39:22Z,3
73765,4,3,11,3,1,5,assortatively,2021-03-05T11:41:20Z,3
73765,4,3,11,3,2,6,assortatively,2021-03-05T11:43:22Z,3
73765,4,1,9,3,1,7,assortatively,2021-03-05T11:45:24Z,3
73765,2,3.5,12.5,3,2,8,assortatively,2021-03-05T11:47:19Z,3
73765,2,5.5,14.5,3,1,9,assortatively,2021-03-05T11:49:34Z,3
73765,2,0.5,9.5,3,2,10,assortatively,2021-03-05T11:51:24Z,3
73765,1,3,12.5,3,0,13,assortatively,2021-03-05T11:57:23Z,3
73765,1,0.5,10,3,1,14,assortatively,2021-03-05T11:59:19Z,3
73765,1,0,9.5,3,1,15,assortatively,2021-03-05T12:01:22Z,3
73765,0,0,10,3,2,16,assortatively,2021-03-05T12:03:20Z,3
73765,1,0,9.5,3,1,17,assortatively,2021-03-05T12:05:25Z,3
73765,2,1,10,3,2,18,assortatively,2021-03-05T12:07:21Z,3
73765,2,2,11,3,2,19,assortatively,2021-03-05T12:09:22Z,3
73765,0,0.5,10.5,3,2,20,assortatively,2021-03-05T12:11:22Z,3
76810,7,7.5,14,3,4,2,randomly,2021-03-05T11:35:41Z,3
76810,5,6.5,14,3,5,3,randomly,2021-03-05T11:37:33Z,3
76810,4,8.5,16.5,3,3,4,randomly,2021-03-05T11:39:30Z,3
76810,3,5.5,14,3,0,5,randomly,2021-03-05T11:41:35Z,3
76810,2,5,14,3,2,6,randomly,2021-03-05T11:43:39Z,3
76810,1,2.5,12,3,4,7,randomly,2021-03-05T11:45:35Z,3
76810,1,8.5,18,3,6,8,randomly,2021-03-05T11:47:37Z,3
76810,1,6.5,16,3,2,9,randomly,2021-03-05T11:49:49Z,3
76810,1,4.5,14,3,5,10,randomly,2021-03-05T11:51:25Z,3
76810,0,10,20,3,3,11,randomly,2021-03-05T11:53:23Z,3
76810,0,6.5,16.5,3,4,12,randomly,2021-03-05T11:55:44Z,3
76810,0,7,17,3,5,13,randomly,2021-03-05T11:57:19Z,3
76810,0,2,12,3,2,14,randomly,2021-03-05T11:59:29Z,3
76810,0,6,16,3,0,15,randomly,2021-03-05T12:01:47Z,3
76810,0,4.5,14.5,3,6,16,randomly,2021-03-05T12:03:29Z,3
76810,0,3.5,13.5,3,0,17,randomly,2021-03-05T12:05:54Z,3
76810,0,2.5,12.5,3,5,18,randomly,2021-03-05T12:07:36Z,3
76810,0,7,17,3,4,19,randomly,2021-03-05T12:09:29Z,3
76810,0,4.5,14.5,3,1,20,randomly,2021-03-05T12:12:13Z,3
80621,4,6.5,14.5,3,6,2,randomly,2021-03-05T11:35:27Z,3
80621,5,4,11.5,3,6,3,randomly,2021-03-05T11:37:24Z,3
80621,5,3,10.5,3,1,4,randomly,2021-03-05T11:39:41Z,3
80621,2,6,15,3,1,5,randomly,2021-03-05T11:41:22Z,3
80621,3,2.5,11,3,6,6,randomly,2021-03-05T11:43:31Z,3
80621,0,6.5,16.5,3,0,7,randomly,2021-03-05T11:45:39Z,3
80621,0,5.5,15.5,3,1,8,randomly,2021-03-05T11:48:21Z,3
80621,1,3.5,13,3,0,9,randomly,2021-03-05T11:50:05Z,3
80621,3,5.5,14,3,3,10,randomly,2021-03-05T11:51:40Z,3
80621,2,4.5,13.5,3,2,11,randomly,2021-03-05T11:53:53Z,3
80621,2,9,18,3,1,12,randomly,2021-03-05T11:56:17Z,3
80621,2,4.5,13.5,3,3,13,randomly,2021-03-05T11:57:52Z,3
80621,4,0,8,3,2,14,randomly,2021-03-05T11:59:31Z,3
80621,3,3,11.5,3,3,15,randomly,2021-03-05T12:01:55Z,3
80621,4,5,13,3,3,16,randomly,2021-03-05T12:04:10Z,3
80621,4,6.5,14.5,3,6,17,randomly,2021-03-05T12:06:18Z,3
80621,4,5,13,3,3,18,randomly,2021-03-05T12:07:25Z,3
80621,4,5,13,3,4,19,randomly,2021-03-05T12:09:51Z,3
80621,4,2.5,10.5,3,1,20,randomly,2021-03-05T12:11:31Z,3
85719,9,4.5,10,3,6,2,not,2021-03-05T11:35:34Z,3
85719,9,3,8.5,3,6,3,not,2021-03-05T11:37:22Z,3
85719,8,2.5,8.5,3,6,4,not,2021-03-05T11:39:24Z,3
85719,8,2,8,3,6,5,not,2021-03-05T11:41:43Z,3
85719,8,2,8,3,6,6,not,2021-03-05T11:43:24Z,3
85719,9,2,7.5,3,6,7,not,2021-03-05T11:45:31Z,3
85719,8,2,8,3,6,8,not,2021-03-05T11:47:26Z,3
85719,7,2,8.5,3,6,9,not,2021-03-05T11:49:34Z,3
85719,8,2,8,3,6,10,not,2021-03-05T11:51:34Z,3
90281,2,8,17,3,6,2,not,2021-03-05T11:35:49Z,3
90281,2,6.5,15.5,3,6,3,not,2021-03-05T11:37:46Z,3
90281,2,5.5,14.5,3,6,4,not,2021-03-05T11:39:33Z,3
90281,2,5,14,3,6,5,not,2021-03-05T11:41:28Z,3
90281,2,5,14,3,6,6,not,2021-03-05T11:43:49Z,3
90281,2,5.5,14.5,3,6,7,not,2021-03-05T11:45:43Z,3
90281,2,5,14,3,6,8,not,2021-03-05T11:47:53Z,3
90281,2,4.5,13.5,3,6,9,not,2021-03-05T11:49:51Z,3
90281,2,5,14,3,6,10,not,2021-03-05T11:51:49Z,3
92104,2,5.5,14.5,3,1,2,assortatively,2021-03-05T11:35:33Z,3
92104,1,5,14.5,3,0,3,assortatively,2021-03-05T11:37:45Z,3
92104,5,2,9.5,3,0,4,assortatively,2021-03-05T11:39:35Z,3
92104,3,5,13.5,3,2,5,assortatively,2021-03-05T11:41:54Z,3
92104,4,2.5,10.5,3,1,6,assortatively,2021-03-05T11:44:50Z,3
92104,3,4.5,13,3,2,7,assortatively,2021-03-05T11:45:32Z,3
92104,3,3,11.5,3,2,8,assortatively,2021-03-05T11:47:30Z,3
92104,2,0.5,9.5,3,2,9,assortatively,2021-03-05T11:49:29Z,3
92104,0,1.5,11.5,3,2,10,assortatively,2021-03-05T11:51:30Z,3
92104,4,1,9,3,0,11,assortatively,2021-03-05T11:53:31Z,3
92104,0,5,15,3,3,12,assortatively,2021-03-05T11:55:23Z,3
92104,4,1.5,9.5,3,0,13,assortatively,2021-03-05T11:57:48Z,3
92104,0,6,16,3,3,14,assortatively,2021-03-05T11:59:27Z,3
92104,4,0.5,8.5,3,0,15,assortatively,2021-03-05T12:01:27Z,3
92104,0,0,10,3,2,16,assortatively,2021-03-05T12:03:38Z,3
92104,0,0,10,3,0,17,assortatively,2021-03-05T12:05:37Z,3
92104,1,1.5,11,3,2,18,assortatively,2021-03-05T12:07:31Z,3
92104,1,2,11.5,3,1,19,assortatively,2021-03-05T12:09:27Z,3
92104,2,0.5,9.5,3,1,20,assortatively,2021-03-05T12:11:32Z,3
92257,7,8.5,15,3,4,3,assortatively,2021-03-05T11:37:35Z,3
92257,7,5.5,12,3,3,4,assortatively,2021-03-05T11:39:42Z,3
92257,8,8,14,3,5,5,assortatively,2021-03-05T11:41:29Z,3
92257,8,8,14,3,5,6,assortatively,2021-03-05T11:43:46Z,3
92257,9,9.5,15,3,5,7,assortatively,2021-03-05T11:45:32Z,3
92257,9,3,8.5,3,5,8,assortatively,2021-03-05T11:47:41Z,3
92257,8,6.5,12.5,3,5,9,assortatively,2021-03-05T11:50:21Z,3
92257,8,10,16,3,5,10,assortatively,2021-03-05T11:51:59Z,3
92257,9,7,12.5,3,4,11,assortatively,2021-03-05T11:53:34Z,3
92257,8,5,11,3,5,12,assortatively,2021-03-05T11:55:38Z,3
92257,5,8,15.5,3,5,13,assortatively,2021-03-05T11:57:24Z,3
92257,5,3.5,11,3,3,14,assortatively,2021-03-05T11:59:44Z,3
92257,8,6,12,3,3,15,assortatively,2021-03-05T12:01:57Z,3
92257,5,7.5,15,3,4,16,assortatively,2021-03-05T12:03:27Z,3
92257,6,6,13,3,3,17,assortatively,2021-03-05T12:05:45Z,3
92257,6,5.5,12.5,3,3,18,assortatively,2021-03-05T12:08:22Z,3
92257,8,6,12,3,3,19,assortatively,2021-03-05T12:09:51Z,3
92257,5,6,13.5,3,4,20,assortatively,2021-03-05T12:11:35Z,3
92509,9,0,5.5,3,5,2,randomly,2021-03-05T11:35:20Z,3
92509,8,5,11,3,5,3,randomly,2021-03-05T11:37:28Z,3
92509,7,5.5,12,3,0,4,randomly,2021-03-05T11:39:33Z,3
92509,9,2.5,8,3,0,5,randomly,2021-03-05T11:41:38Z,3
92509,8,2,8,3,2,6,randomly,2021-03-05T11:43:40Z,3
92509,7,9,15.5,3,3,7,randomly,2021-03-05T11:45:31Z,3
92509,9,8.5,14,3,4,8,randomly,2021-03-05T11:47:48Z,3
92509,9,2.5,8,3,2,9,randomly,2021-03-05T11:49:20Z,3
92509,9,0.5,6,3,5,10,randomly,2021-03-05T11:51:39Z,3
92509,10,5,10,3,3,11,randomly,2021-03-05T11:53:47Z,3
92509,6,2.5,9.5,3,6,12,randomly,2021-03-05T11:55:32Z,3
92509,8,1.5,7.5,3,6,13,randomly,2021-03-05T11:57:50Z,3
92509,9,3.5,9,3,3,14,randomly,2021-03-05T11:59:41Z,3
92509,8,3,9,3,4,15,randomly,2021-03-05T12:01:35Z,3
92509,9,5,10.5,3,1,16,randomly,2021-03-05T12:03:26Z,3
92509,9,2,7.5,3,4,17,randomly,2021-03-05T12:05:23Z,3
92509,8,3,9,3,3,18,randomly,2021-03-05T12:07:26Z,3
92509,9,0,5.5,3,0,19,randomly,2021-03-05T12:09:52Z,3
92509,9,4,9.5,3,3,20,randomly,2021-03-05T12:11:40Z,3
93037,0,4.5,14.5,3,5,2,randomly,2021-03-05T11:35:21Z,3
93037,0,6.5,16.5,3,6,3,randomly,2021-03-05T11:37:28Z,3
93037,0,5.5,15.5,3,6,4,randomly,2021-03-05T11:40:26Z,3
93037,0,1.5,11.5,3,6,5,randomly,2021-03-05T11:41:26Z,3
93037,1,4,13.5,3,5,6,randomly,2021-03-05T11:43:58Z,3
93037,1,4,13.5,3,6,7,randomly,2021-03-05T11:45:36Z,3
93037,1,6.5,16,3,0,8,randomly,2021-03-05T11:47:33Z,3
93037,1,3.5,13,3,0,9,randomly,2021-03-05T11:49:51Z,3
93037,1,9,18.5,3,4,10,randomly,2021-03-05T11:51:55Z,3
93037,1,4,13.5,3,6,11,randomly,2021-03-05T11:53:37Z,3
93037,0,2,12,3,2,12,randomly,2021-03-05T11:55:24Z,3
93037,0,7,17,3,2,13,randomly,2021-03-05T11:57:26Z,3
93037,0,9,19,3,4,14,randomly,2021-03-05T11:59:31Z,3
93037,0,7,17,3,4,15,randomly,2021-03-05T12:01:30Z,3
93037,0,7,17,3,3,16,randomly,2021-03-05T12:03:25Z,3
93037,0,6.5,16.5,3,5,17,randomly,2021-03-05T12:05:30Z,3
93037,0,3,13,3,2,18,randomly,2021-03-05T12:07:19Z,3
93037,0,6,16,3,2,19,randomly,2021-03-05T12:09:34Z,3
93037,0,5,15,3,6,20,randomly,2021-03-05T12:11:25Z,3
93480,6,7.5,14.5,3,7,2,not,2021-03-05T11:35:32Z,3
93480,4,6,14,3,7,3,not,2021-03-05T11:38:13Z,3
93480,10,5.5,10.5,3,7,4,not,2021-03-05T11:39:20Z,3
93480,9,5,10.5,3,7,5,not,2021-03-05T11:41:28Z,3
93480,8,5.5,11.5,3,7,6,not,2021-03-05T11:43:36Z,3
93480,9,7.5,13,3,7,7,not,2021-03-05T11:45:22Z,3
93480,10,8.5,13.5,3,7,8,not,2021-03-05T11:47:37Z,3
93480,7,7,13.5,3,7,9,not,2021-03-05T11:49:24Z,3
93480,9,7,12.5,3,7,10,not,2021-03-05T11:51:24Z,3
93480,7,7,13.5,3,7,11,not,2021-03-05T11:53:34Z,3
93480,5,5,12.5,3,7,12,not,2021-03-05T11:55:24Z,3
93480,8,5,11,3,7,13,not,2021-03-05T11:57:22Z,3
93480,7,5,11.5,3,7,14,not,2021-03-05T11:59:21Z,3
93480,4,5.5,13.5,3,7,15,not,2021-03-05T12:01:23Z,3
93480,9,5.5,11,3,7,16,not,2021-03-05T12:03:19Z,3
93480,8,5.5,11.5,3,7,17,not,2021-03-05T12:05:23Z,3
93480,7,5.5,12,3,7,18,not,2021-03-05T12:07:40Z,3
93480,7,5,11.5,3,7,19,not,2021-03-05T12:09:42Z,3
93480,8,5.5,11.5,3,7,20,not,2021-03-05T12:11:20Z,3
94738,4,7,15,3,0,2,randomly,2021-03-05T11:37:05Z,3
94738,8,2.5,8.5,3,6,3,randomly,2021-03-05T11:37:48Z,3
94738,10,5.5,10.5,3,3,4,randomly,2021-03-05T11:39:29Z,3
94738,4,5.5,13.5,3,4,5,randomly,2021-03-05T11:41:25Z,3
94738,10,7,12,3,3,6,randomly,2021-03-05T11:43:25Z,3
94738,2,6,15,3,1,7,randomly,2021-03-05T11:45:37Z,3
94738,9,4.5,10,3,6,8,randomly,2021-03-05T11:47:27Z,3
94738,8,1,7,3,6,9,randomly,2021-03-05T11:49:45Z,3
94738,10,4.5,9.5,3,4,10,randomly,2021-03-05T11:51:35Z,3
94738,10,5,10,3,3,11,randomly,2021-03-05T11:53:25Z,3
94738,10,2.5,7.5,3,3,12,randomly,2021-03-05T11:55:39Z,3
94738,10,1.5,6.5,3,4,13,randomly,2021-03-05T11:57:41Z,3
94738,10,2.5,7.5,3,1,14,randomly,2021-03-05T11:59:28Z,3
94738,10,1,6,3,0,15,randomly,2021-03-05T12:01:37Z,3
94738,10,1,6,3,4,16,randomly,2021-03-05T12:03:28Z,3
94738,1,1.5,11,3,2,17,randomly,2021-03-05T12:05:31Z,3
94738,1,2,11.5,3,5,18,randomly,2021-03-05T12:07:30Z,3
94738,0,4.5,14.5,3,0,19,randomly,2021-03-05T12:09:24Z,3
94738,0,0.5,10.5,3,4,20,randomly,2021-03-05T12:11:25Z,3
98185,10,5.5,10.5,3,7,2,not,2021-03-05T11:35:27Z,3
98185,7,4.5,11,3,7,3,not,2021-03-05T11:37:28Z,3
98185,5,8,15.5,3,7,4,not,2021-03-05T11:39:26Z,3
98185,4,7.5,15.5,3,7,5,not,2021-03-05T11:41:31Z,3
98185,6,6.5,13.5,3,7,6,not,2021-03-05T11:43:25Z,3
98185,9,7.5,13,3,7,7,not,2021-03-05T11:45:33Z,3
98185,10,8.5,13.5,3,7,8,not,2021-03-05T11:47:28Z,3
98185,8,6.5,12.5,3,7,9,not,2021-03-05T11:49:27Z,3
98185,8,7.5,13.5,3,7,10,not,2021-03-05T11:51:23Z,3
98185,7,7,13.5,3,7,11,not,2021-03-05T11:53:22Z,3
98185,4,5.5,13.5,3,7,12,not,2021-03-05T11:55:29Z,3
98185,5,6.5,14,3,7,13,not,2021-03-05T11:57:22Z,3
98185,4,6.5,14.5,3,7,14,not,2021-03-05T11:59:26Z,3
98185,5,5,12.5,3,7,15,not,2021-03-05T12:01:24Z,3
98185,5,7.5,15,3,7,16,not,2021-03-05T12:03:28Z,3
98185,6,6.5,13.5,3,7,17,not,2021-03-05T12:05:21Z,3
98185,6,6,13,3,7,18,not,2021-03-05T12:07:24Z,3
98185,5,6,13.5,3,7,19,not,2021-03-05T12:09:23Z,3
98185,6,6.5,13.5,3,7,20,not,2021-03-05T12:11:30Z,3
98200,5,8,15.5,3,7,2,not,2021-03-05T11:35:38Z,3
98200,5,5.5,13,3,7,3,not,2021-03-05T11:37:32Z,3
98200,6,7.5,14.5,3,7,4,not,2021-03-05T11:39:24Z,3
98200,6,6.5,13.5,3,7,5,not,2021-03-05T11:41:39Z,3
98200,5,7,14.5,3,7,6,not,2021-03-05T11:43:26Z,3
98200,6,9,16,3,7,7,not,2021-03-05T11:45:28Z,3
98200,7,10,16.5,3,7,8,not,2021-03-05T11:47:24Z,3
98200,6,7.5,14.5,3,7,9,not,2021-03-05T11:49:34Z,3
98200,6,8.5,15.5,3,7,10,not,2021-03-05T11:51:35Z,3
98200,7,7,13.5,3,7,11,not,2021-03-05T11:53:35Z,3
98200,6,4.5,11.5,3,7,12,not,2021-03-05T11:55:57Z,3
98200,5,6.5,14,3,7,13,not,2021-03-05T11:57:25Z,3
98200,6,5.5,12.5,3,7,14,not,2021-03-05T11:59:23Z,3
98200,6,4.5,11.5,3,7,15,not,2021-03-05T12:01:24Z,3
98200,6,7,14,3,7,16,not,2021-03-05T12:03:22Z,3
98200,5,7,14.5,3,7,17,not,2021-03-05T12:05:32Z,3
98200,5,6.5,14,3,7,18,not,2021-03-05T12:07:25Z,3
98200,5,6,13.5,3,7,19,not,2021-03-05T12:09:31Z,3
98200,5,7,14.5,3,7,20,not,2021-03-05T12:11:19Z,3
99237,5,7,14.5,3,0,2,assortatively,2021-03-05T11:36:25Z,3
99237,4,5.5,13.5,3,1,3,assortatively,2021-03-05T11:38:04Z,3
99237,1,4,13.5,3,0,4,assortatively,2021-03-05T11:39:58Z,3
99237,1,3,12.5,3,0,5,assortatively,2021-03-05T11:41:40Z,3
99237,4,5,13,3,0,6,assortatively,2021-03-05T11:44:25Z,3
99237,0,3,13,3,1,7,assortatively,2021-03-05T11:45:57Z,3
99237,1,1.5,11,3,0,8,assortatively,2021-03-05T11:47:58Z,3
99237,0,0.5,10.5,3,0,9,assortatively,2021-03-05T11:49:48Z,3
99237,0,0,10,3,0,10,assortatively,2021-03-05T11:51:59Z,3
99237,3,0.5,9,3,1,11,assortatively,2021-03-05T11:54:25Z,3
99864,7,6,12.5,3,1,2,randomly,2021-03-05T11:35:33Z,3
99864,5,6.5,14,3,0,4,randomly,2021-03-05T11:39:20Z,3
99864,7,2.5,9,3,5,5,randomly,2021-03-05T11:42:09Z,3
99864,5,3,10.5,3,4,6,randomly,2021-03-05T11:43:45Z,3
99864,5,0,7.5,3,2,7,randomly,2021-03-05T11:45:42Z,3
99864,5,6,13.5,3,2,8,randomly,2021-03-05T11:47:48Z,3
99864,6,1,8,3,1,9,randomly,2021-03-05T11:50:19Z,3
99864,5,7,14.5,3,6,10,randomly,2021-03-05T11:51:58Z,3
99864,7,6.5,13,3,1,11,randomly,2021-03-05T11:53:46Z,3
99864,5,4,11.5,3,4,12,randomly,2021-03-05T11:55:40Z,3
99864,5,3,10.5,3,0,13,randomly,2021-03-05T11:57:39Z,3
99864,4,5.5,13.5,3,1,14,randomly,2021-03-05T11:59:39Z,3
99864,8,4.5,10.5,3,5,15,randomly,2021-03-05T12:01:26Z,3
99864,5,2,9.5,3,6,16,randomly,2021-03-05T12:03:22Z,3
99864,4,1.5,9.5,3,0,17,randomly,2021-03-05T12:05:48Z,3
99864,4,3.5,11.5,3,4,18,randomly,2021-03-05T12:07:31Z,3
99864,4,3,11,3,5,19,randomly,2021-03-05T12:09:27Z,3
99864,5,6.5,14,3,0,20,randomly,2021-03-05T12:11:31Z,3
